disaster_id,year,event_name,location,disaster_group,disaster_subgroup,disaster_type,disaster_subtype,disaster_subsubtype,associated_disaster,associated_disaster2,country_name,country_iso3,start_isodate,end_isodate,no_killed,no_injured,no_affected,no_homeless,total_affected,total_dam_usd
1980-9364,1980,,Mindanao,Natural,Climatological,Drought,Drought,,,,Philippines,PHL,1980-1,1980-7,0,0,1002100,0,1002100,0
1980-314,1980,,Santa Fe (Vizcaya Province),Natural,Geophysical,Mass movement dry,Rockfall,,,,Philippines,PHL,1980-11-11,1980-11-11 ,50,0,0,0,0,0
1980-136,1980,(Nitang/Osang),,Natural,Meteorological,Storm,Tropical cyclone,,,,Philippines,PHL,1980-7-19,1980-7-19 ,36,55,58731,10451,69237,0
1980-133,1980,(Ditang),,Natural,Meteorological,Storm,Tropical cyclone,,,,Philippines,PHL,1980-5-7,1980-5-7 ,0,0,2535,528,3063,808757.57
1980-132,1980,(Biring),,Natural,Meteorological,Storm,Tropical cyclone,,,,Philippines,PHL,1980-3-20,1980-3-20 ,4,0,565,100,665,1124984.58
1980-99,1980,Betty (Aring),North and Central Luzon,Natural,Meteorological,Storm,Tropical cyclone,,,,Philippines,PHL,1980-11-6,1980-11-6 ,101,0,775000,229000,1004000,286283388.15
1980-70,1980,Kim,Cagayan Valley (Northwestern),Natural,Meteorological,Storm,Tropical cyclone,,,,Philippines,PHL,1980-7-25,1980-7-25 ,40,0,190000,0,190000,0
1980-67,1980,Joe,Northern,Natural,Meteorological,Storm,Tropical cyclone,,,,Philippines,PHL,1980-7-21,1980-7-21 ,31,0,300000,300000,600000,43096424.02
1980-10,1980,,Mindanao,Natural,Hydrological,Flood,Flash flood,,,,Philippines,PHL,,,2,0,25980,0,25980,0
1981-293,1981,,,Natural,Hydrological,Mass movement wet,Landslide,,,,Philippines,PHL,,,200,0,0,0,0,0
1981-150,1981,,"Maco, Davao del Norte",Natural,Hydrological,Flood,Flash flood,,,,Philippines,PHL,1981-10-9,1981-10-9 ,125,122,0,0,122,0
1981-138,1981,(Yeyeng),,Natural,Meteorological,Storm,Tropical cyclone,,,,Philippines,PHL,1981-11-17,1981-11-17 ,4,6,5663,67,5736,440004.02
1981-136,1981,(Rubing),,Natural,Meteorological,Storm,Tropical cyclone,,,,Philippines,PHL,1981-8-16,1981-8-16 ,5,0,8526,1195,9721,34009412.29
1981-134,1981,(Daling),,Natural,Meteorological,Storm,Tropical cyclone,,,,Philippines,PHL,1981-6-28,1981-6-28 ,210,36,12086,3356,15478,20047847.7
1981-112,1981,Lee (Dinang),"Samar, Mindoro, Luzon",Natural,Meteorological,Storm,Tropical cyclone,,,,Philippines,PHL,1981-12-25,1981-12-25 ,250,0,180000,0,180000,68503619.43
1981-101,1981,Irma (Anding),,Natural,Meteorological,Storm,Tropical cyclone,,,,Philippines,PHL,1981-11-25,1981-11-25 ,261,95,840078,0,840173,92216410.77
1981-97,1981,,Lucena,Natural,Hydrological,Flood,,,,,Philippines,PHL,1981-11-7,1981-11-7 ,0,0,7500,0,7500,0
1981-83,1981,Clara,Northern Luzon,Natural,Meteorological,Storm,Tropical cyclone,,,,Philippines,PHL,1981-9-20,1981-9-20 ,55,0,18565,3340,21905,17652855.78
1981-62,1981,,Oriental Mindoro,Natural,Meteorological,Storm,Tropical cyclone,,,,Philippines,PHL,1981-7-4,1981-7-4 ,0,0,25000,3500,28500,0
1981-60,1981,,Albay province,Natural,Meteorological,Storm,,,,,Philippines,PHL,,,214,32,0,0,32,5269509.19
1981-7,1981,,,Natural,Hydrological,Flood,,,,,Philippines,PHL,,,228,0,300000,0,300000,71138374.02
1982-325,1982,,Catanduanes (Luzon Isl.),Natural,Geophysical,Earthquake (seismic activity),Earthquake (ground shaking),,,,Philippines,PHL,1982-1-11,1982-1-11 ,0,0,0,0,0,0
1982-195,1982,,"Davao Del Norte, Sur & Oriental",Natural,Hydrological,Flood,Storm surge/coastal flood,,,,Philippines,PHL,1982-6-23,1982-6-23 ,0,0,818,0,818,157219.72
1982-193,1982,,"Maguindanao, Sultan Kudarat",Natural,Hydrological,Flood,,,,,Philippines,PHL,,,2,232,0,0,232,0
1982-180,1982,,Region X,Natural,Hydrological,Flood,Flash flood,,,,Philippines,PHL,1982-1-22,1982-1-22 ,18,0,35,0,35,0
1982-176,1982,(Aning),Visayan Sea region,Natural,Meteorological,Storm,Tropical cyclone,,,,Philippines,PHL,1982-12-2,1982-12-2 ,0,0,41,44,85,13101.64
1982-175,1982,(Norming),,Natural,Meteorological,Storm,Tropical cyclone,,,,Philippines,PHL,1982-8-20,1982-8-20 ,29,40,31522,5365,36927,11005380.08
1982-174,1982,(Emang),,Natural,Meteorological,Storm,Tropical cyclone,,,,Philippines,PHL,1982-7-12,1982-7-12 ,10,5,11883,431,12319,11791478.65
1982-173,1982,(Akang),,Natural,Meteorological,Storm,Tropical cyclone,,,,Philippines,PHL,1982-3-18,1982-3-18 ,25,8,23911,1180,25099,6288788.61
1982-111,1982,Nancy (Weling),North Luzon,Natural,Meteorological,Storm,Tropical cyclone,,,,Philippines,PHL,1982-10-12,1982-10-12 ,96,183,51532,12464,64179,83850514.86
1982-101,1982,(Ruping),C./S. Luzon,Natural,Meteorological,Storm,Tropical cyclone,,,,Philippines,PHL,1982-9-5,1982-9-5 ,65,26,44383,5599,50008,0
1982-93,1982,Faye,West,Natural,Meteorological,Storm,Tropical cyclone,,,,Philippines,PHL,1982-8-25,1982-8-25 ,70,67,25900,0,25967,17032135.83
1982-38,1982,Nelson (Bising),Central province,Natural,Meteorological,Storm,Tropical cyclone,,,,Philippines,PHL,1982-3-23,1982-3-23 ,151,31,485000,304000,789031,180802672.66
1982-37,1982,Mamie,S.E./N. Mindanao,Natural,Meteorological,Storm,Tropical cyclone,,,,Philippines,PHL,1982-3-22,1982-3-22 ,117,0,16000,0,16000,0
1982-29,1982,,South,Natural,Hydrological,Flood,,,,,Philippines,PHL,,,13,0,200000,0,200000,0
1983-9016,1983,,Misamis Oriental,Natural,Climatological,Drought,Drought,,,,Philippines,PHL,,,0,0,1691060,0,1691060,0
1983-255,1983,,Lanao del Sur,Natural,Hydrological,Flood,,,,,Philippines,PHL,1983-9-23,1983-9-23 ,11,0,1835,0,1835,8955.5
1983-254,1983,,Bohol,Natural,Meteorological,Storm,Local storm,Tornado,,,Philippines,PHL,1983-9-16,1983-9-16 ,2,0,100,0,100,0
1983-220,1983,Orchid (Warling),,Natural,Meteorological,Storm,Tropical cyclone,,,,Philippines,PHL,1983-11-17,1983-11-17 ,8,1,18242,611,18854,6716628.63
1983-219,1983,Ellen (Herming),,Natural,Meteorological,Storm,Tropical cyclone,,,,Philippines,PHL,1983-9-3,1983-9-3 ,3,0,1489,195,1684,1283622.36
1983-109,1983,,Ilocos Norte,Natural,Geophysical,Earthquake (seismic activity),Earthquake (ground shaking),,Landslide / Mudslide,,Philippines,PHL,1983-8-18,1983-8-18 ,19,176,1725,0,1901,6647969.76
1983-96,1983,Vera (Bebeng),Southeast Luzon,Natural,Meteorological,Storm,Tropical cyclone,,,,Philippines,PHL,1983-7-14,1983-7-14 ,115,27,120811,29054,149892,4895675.98
1984-186,1984,Warren (Reming),,Natural,Meteorological,Storm,Tropical cyclone,,,,Philippines,PHL,1984-10-23,1984-10-23 ,63,0,1954,740,2694,555828.8
1984-185,1984,Ike (Nitang) and Maring,"Surigao del Norte, Bohol Isl, Mindanao, Negros Occidental, Cebu provinces",Natural,Meteorological,Storm,Tropical cyclone,,,,Philippines,PHL,1984-9-1,1984-9-1 ,1399,2565,1237224,547076,1786865,633937375.16
1984-105,1984,Agnes (Undang),"Capiz, Ilailo, Aklau, Antique, Leyte, Eastern Samar, Roxas, Tacloban",Natural,Meteorological,Storm,Tropical cyclone,,,,Philippines,PHL,1984-11-3,1984-11-3 ,1079,197,1495738,765965,2261900,282595064.33
1984-83,1984,Mayon,"Daraga, Legaspi, Guinobatan, Camalig, Ligao, Tabaco, Sto. Domingo, Malipilot municipalities (Albay province)",Natural,Geophysical,Volcano,Volcanic eruption,,,,Philippines,PHL,1984-9-10,1984-9-10 ,0,0,70000,0,70000,0
1984-73,1984,June (Maring),"Northern Luzon, Pangasinan province",Natural,Meteorological,Storm,Tropical cyclone,,,,Philippines,PHL,1984-8-27,1984-8-27 ,138,103,475899,7745,483747,67284539.13
1985-342,1985,,"Tanjay, Pamplona",Natural,Hydrological,Flood,General flood,,,,Philippines,PHL,1985-1-26,1985-1-26 ,54,0,444,0,444,0
1985-192,1985,Tess (Miling),,Natural,Meteorological,Storm,Tropical cyclone,,,,Philippines,PHL,1985-9-1,1985-9-1 ,5,7,85,56,148,1828959.88
1985-190,1985,Hal (Kuring) and Irma (Daling),"Luzon, Ilocos Sur, Ilocos Norte, Benguet, Nueva Ecija, Bataan, Zambales, Vigan, Bantay, San Esteban, Laoag, Bagio city, Pampanga",Natural,Meteorological,Storm,Tropical cyclone,,,,Philippines,PHL,1985-6-20,1985-6-20 ,100,0,420000,200,420200,55423026.66
1985-171,1985,,Mindanao,Natural,Geophysical,Earthquake (seismic activity),Earthquake (ground shaking),,,,Philippines,PHL,1985-3-18,1985-3-18 ,2,25,150,0,175,0
1985-125,1985,,South Mindanao,Natural,Geophysical,Mass movement dry,Landslide,,,,Philippines,PHL,1985-10-21,1985-10-21 ,300,0,0,0,0,0
1985-124,1985,Dot (Saling),"Aurora, Nueva Ecija, Tarlac, Bur Lacan provinces (Central Luzon)",Natural,Meteorological,Storm,Tropical cyclone,,,,Philippines,PHL,1985-10-15,1985-10-15 ,81,24,1183602,0,1183626,172845022.09
1985-117,1985,,Southern,Natural,Hydrological,Flood,,,,,Philippines,PHL,,,25,0,5000,0,5000,0
1986-155,1986,,Davao Oriental,Natural,Hydrological,Flood,,,,,Philippines,PHL,1986-6-28,1986-6-28 ,3,3,612,0,615,165139.41
1986-153,1986,Narge (Aning),,Natural,Meteorological,Storm,Tropical cyclone,,,,Philippines,PHL,1986-12-20,1986-12-20 ,16,108,22771,3843,26722,11795671.9
1986-152,1986,Georgia (Ruping),,Natural,Meteorological,Storm,Tropical cyclone,,,,Philippines,PHL,1986-10-17,1986-10-17 ,2,0,259,49,308,106161047.14
1986-151,1986,Ellen (Daling),,Natural,Meteorological,Storm,Tropical cyclone,,,,Philippines,PHL,1986-10-10,1986-10-10 ,4,0,3082,52,3134,4128485.17
1986-122,1986,Dom (Oyang),"Muntinlupa, Metro Manila, Bulacan",Natural,Meteorological,Storm,Tropical cyclone,,,,Philippines,PHL,1986-10-6,1986-10-6 ,22,26,82529,0,82555,3538701.57
1986-104,1986,Wayne (Miding),"Pangasinan, Bataan, Bulacan, Pampanga, Benguet, Abra, Zambales, Metro Manila",Natural,Meteorological,Storm,Tropical cyclone,,,,Philippines,PHL,1986-9-2,1986-9-2 ,23,4,482700,0,482704,38778271.39
1986-80,1986,Peggy (Gading),"Ilocos, centra Luzon, Southern Tagalos, Metro Manilla",Natural,Meteorological,Storm,Tropical cyclone,,,,Philippines,PHL,1986-7-9,1986-7-9 ,109,16,644608,2689,647313,90561271.05
1987-9030,1987,,,Natural,Climatological,Drought,Drought,,,,Philippines,PHL,,,0,0,1002100,0,1002100,0
1987-240,1987,Phillis (Trining),,Natural,Meteorological,Storm,Tropical cyclone,,,,Philippines,PHL,1987-12-14,1987-12-14 ,22,35,47591,8754,56380,23525582.52
1987-239,1987,Cart (Ising),,Natural,Meteorological,Storm,Tropical cyclone,,,,Philippines,PHL,1987-8-13,1987-8-13 ,5,0,13247,89,13336,15499207.3
1987-212,1987,Nina (Sisang),"Region IV, Marinduque, Quezon, Laguna, Batangas, Region V, Sorgoson, Albay, Battan, Cavite, Masbaten Camarines Sur, Leyte, Northern Samar",Natural,Meteorological,Storm,Tropical cyclone,,,,Philippines,PHL,1987-11-23,1987-11-23 ,882,927,1818185,0,1819112,154992073.05
1987-197,1987,Lynn (Pedang),"Cagayan, Ilocos Norte, Kalin-Aapayo province",Natural,Meteorological,Storm,Tropical cyclone,,,,Philippines,PHL,1987-10-21,1987-10-21 ,100,79,60504,18396,78979,69192889.75
1987-146,1987,Betty (Herming),"Batangas, Laguna, Bicol, Mindoro, Cavite, Luzon",Natural,Meteorological,Storm,Tropical cyclone,,,,Philippines,PHL,1987-8-8,1987-8-8 ,85,425,971500,297900,1269825,272896757.19
1988-559,1988,,Davao del Sur,Natural,Hydrological,Mass movement wet,Landslide,,,,Philippines,PHL,1988-5-22,1988-5-22 ,30,0,0,0,0,0
1988-558,1988,,Davao Oriental,Natural,Hydrological,Mass movement wet,Landslide,,,,Philippines,PHL,1988-4-4,1988-4-4 ,24,0,0,0,0,0
1988-557,1988,Tess (Welpring),,Natural,Meteorological,Storm,Tropical cyclone,,,,Philippines,PHL,1988-11-1,1988-11-1 ,41,1,28826,86,28913,2433549.07
1988-506,1988,Skip (Yoning),"Manilla, Tagalog, Bicol, western Visayas",Natural,Meteorological,Storm,Tropical cyclone,,,,Philippines,PHL,1988-11-5,1988-11-5 ,289,29,1000000,45000,1045029,385898748.58
1988-480,1988,Ruby (Unsang),"Tarlac, Southern Tagalog, Metro Manila, Albay, Cebu, Cagayan de Oro provinces",Natural,Meteorological,Storm,Tropical cyclone,,,,Philippines,PHL,1988-10-21,1988-10-21 ,416,208,3250000,0,3250208,622626117.22
1988-477,1988,,Mindanao/Misamis Oriental,Natural,Meteorological,Storm,Local storm,Tornado,,,Philippines,PHL,1988-10-21,1988-10-21 ,0,0,20000,0,20000,0
1988-312,1988,Warren (Huaning),Northern Luzon,Natural,Meteorological,Storm,Tropical cyclone,,,,Philippines,PHL,1988-7-16,1988-7-16 ,6,0,96120,21235,117355,29813564.93
1988-231,1988,Susan (Biring),,Natural,Meteorological,Storm,Tropical cyclone,,,,Philippines,PHL,1988-5-30,1988-5-30 ,36,0,56000,0,56000,2588881.98
1989-584,1989,,,Natural,Hydrological,Mass movement wet,Landslide,,,,Philippines,PHL,,,72,0,0,0,0,0
1989-272,1989,,Metro Manila,Natural,Hydrological,Flood,General flood,,,,Philippines,PHL,,,0,0,47500,0,47500,0
1989-193,1989,,Muntinlupa,Natural,Hydrological,Mass movement wet,Landslide,,,,Philippines,PHL,1989-9-16,1989-9-16 ,14,10,67,0,77,0
1989-187,1989,Breda (Bining),,Natural,Meteorological,Storm,Tropical cyclone,,,,Philippines,PHL,1989-5-15,1989-5-15 ,13,3,12282,652,12937,6997461.4
1989-154,1989,,Mindanao/Monkayo,Natural,Hydrological,Mass movement wet,Landslide,,,,Philippines,PHL,,,13,200,1000,0,1200,0
1989-132,1989,Hunt (Unsing),"Battan, Bulacan, Pampanga, North Metro Manila, Calauag Popillio Isl., northern Samar, Neava Ecija, Quezon, Rizal, Tarlac provinces",Natural,Meteorological,Storm,Tropical cyclone,,,,Philippines,PHL,1989-11-22,1989-11-22 ,11,1,12837,212,13050,795166.07
1989-129,1989,Sarah (Openg),"Benguet, Ilocos Norte, Ilocos Sur, Kalinga Apayao, La Union, Zambales",Natural,Meteorological,Storm,Tropical cyclone,,,,Philippines,PHL,1989-9-7,1989-9-7 ,22,21,140000,0,140021,10520658.74
1989-127,1989,Angela (Rubing),"Cagayan, Ilocos Norte, Kalinga-Apayao, Nueva Viscayas provinces",Natural,Meteorological,Storm,Tropical cyclone,,,,Philippines,PHL,1989-10-2,1989-10-2 ,147,191,205000,84000,289191,19573318.59
1989-126,1989,Elsie (Tasing),"Bataan, Benguet, Ifugao, Isabela, Kalinga-Apayao, La Union, Nueva Vizcaya, Pangasinan, Cagayan, Ilocios Sur, Neava Ecija, Quirino provinces, National capital region",Natural,Meteorological,Storm,Tropical cyclone,,,,Philippines,PHL,1989-10-14,1989-10-14 ,30,279,458400,0,458679,86611934.76
1989-125,1989,Dan (Saling),"Albay, Bataan, Batangas, Bulacan, Camarines norte, Camarnies Sur, Cavite, Esatern Samar, Laguna, Marinduque, Masbate, Northern Leyte, Northern Samar, Nueva Ecija, Pampanga, Quezon, Rizal, Samar, Sorgoson, southern Leyte, Zambales, national capital region",Natural,Meteorological,Storm,Tropical cyclone,,,,Philippines,PHL,1989-10-9,1989-10-9 ,58,105,660000,76500,736605,144842557.57
1989-120,1989,Gordon (Goring),"Ilocos Sur, Ilocos Norte, Cagayan, Isabela, Nueva Vizcaya, La Union",Natural,Meteorological,Storm,Tropical cyclone,,,,Philippines,PHL,1989-7-15,1989-7-15 ,97,382,486000,0,486382,149246554.25
1989-94,1989,,"Sorgoson, Camatines Sur, Samar",Natural,Hydrological,Flood,,,,,Philippines,PHL,1989-2-9,1989-2-9 ,44,11,260000,0,260011,14679988.94
1990-9707,1990,,"Regions VI, IX, X, XI and XII",Natural,Climatological,Drought,Drought,,,,Philippines,PHL,,,0,0,254282,0,254282,155019742.24
1990-687,1990,Dot,,Natural,Meteorological,Storm,Tropical cyclone,,,,Philippines,PHL,1990-9-8,1990-9-8 ,0,0,0,0,0,0
1990-645,1990,,,Natural,Hydrological,Flood,,,,,Philippines,PHL,,,50,0,662500,0,662500,0
1990-625,1990,,Bicol,Natural,Biological,Epidemic,Viral Infectious Diseases,,,,Philippines,PHL,,,21,0,200,0,200,0
1990-616,1990,,Capital region Manila and Northern Luzon.,Natural,Hydrological,Flood,Storm surge/coastal flood,,Landslide / Mudslide,,Philippines,PHL,1990-8-25,1990-9-1 ,28,0,50000,0,50000,0
1990-401,1990,Abe,North,Natural,Meteorological,Storm,Tropical cyclone,,,,Philippines,PHL,1990-8-30,1990-8-30 ,85,0,0,0,0,0
1990-400,1990,Becky,,Natural,Meteorological,Storm,Tropical cyclone,,,,Philippines,PHL,1990-8-28,1990-8-28 ,85,0,0,0,0,0
1990-122,1990,Mike (Ruping),"Samar, Masbate provinces, Palwan, Iloilo, Negros occidental, Cebu",Natural,Meteorological,Storm,Tropical cyclone,,,,Philippines,PHL,1990-11-12,1990-11-16 ,503,1274,5048275,1110020,6159569,941018279.1
1990-40,1990,,"Cabanatuan, Baguio, Dagupon (Luzon Isl.)",Natural,Geophysical,Earthquake (seismic activity),Earthquake (ground shaking),,Landslide / Mudslide,,Philippines,PHL,1990-7-16,1990-7-16 ,2412,3513,1594040,0,1597553,895239011.46
1990-28,1990,,Cualasi area (Near Panay Isl.),Natural,Geophysical,Earthquake (seismic activity),Earthquake (ground shaking),,,,Philippines,PHL,1990-6-14,1990-6-14 ,4,15,0,0,15,0
1990-27,1990,,"Manukan, Bacungan, Zamboanga city (Zamboanga Del Norte province)",Natural,Hydrological,Flood,Flash flood,,,,Philippines,PHL,1990-6-17,1990-6-19 ,98,0,236,0,236,104153.89
1990-25,1990,Ofelia (Biring) & Percy,North and Eastern Luzon,Natural,Meteorological,Storm,Tropical cyclone,,,,Philippines,PHL,1990-6-22,1990-6-22 ,64,14,160000,0,160014,0
1990-9,1990,,"Bohol, Cebu, Cagayan De Oro, Camiguin, Cotabato, Mindanao",Natural,Geophysical,Earthquake (seismic activity),Earthquake (ground shaking),,,,Philippines,PHL,1990-2-8,1990-2-8 ,1,4,34500,0,34504,2179965.13
1991-708,1991,,Tangag (Surigao del Sur),Natural,Hydrological,Flood,Flash flood,,,,Philippines,PHL,,,10,0,0,823,823,3054397.17
1991-533,1991,,Luzon Isl.,Natural,Hydrological,Flood,Storm surge/coastal flood,,Landslide / Mudslide,,Philippines,PHL,1991-8-20,1991-8-24 ,50,0,0,0,0,0
1991-525,1991,Caitlin,"Concepcion, Floridablanca, Manila",Natural,Meteorological,Storm,Tropical cyclone,,,,Philippines,PHL,1991-7-26,1991-7-26 ,9,0,90296,0,90296,0
1991-521,1991,Amy,"Pampanga, Tarlac provinces",Natural,Meteorological,Storm,Tropical cyclone,,,,Philippines,PHL,1991-7-18,1991-7-18 ,4,0,0,2500,2500,0
1991-517,1991,Zeke (Etang),"Catanduanes, Albay, Quezon Provinces (Southern Luzon Isl.)",Natural,Meteorological,Storm,Tropical cyclone,,,,Philippines,PHL,1991-7-10,1991-7-10 ,47,21,505756,0,505777,199710584.17
1991-383,1991,Thelma (Uring),"Bago, La Cariota, Bacalod (Negros) and Leyte",Natural,Meteorological,Storm,Tropical cyclone,,Flood,Landslide / Mudslide,Philippines,PHL,1991-11-5,1991-11-8 ,5956,3050,598454,45750,647254,234953628.43
1991-382,1991,Ruth (Trining),Luzon Isl.,Natural,Meteorological,Storm,Tropical cyclone,,,,Philippines,PHL,1991-10-27,1991-10-27 ,65,38,300000,16000,316038,211458265.59
1991-379,1991,,Near Leyte (Samar Isl.),Natural,Hydrological,Flood,Storm surge/coastal flood,,,,Philippines,PHL,1991-11-11,1991-11-11 ,10,0,0,0,0,0
1991-174,1991,Brendan,Near Tuguegaro (Pinatubo region),Natural,Meteorological,Storm,Tropical cyclone,,,,Philippines,PHL,1991-7-22,1991-7-22 ,2,0,0,10000,10000,0
1991-132,1991,Mount Pinatubo,"Zambales, Pampanga, Olongapo, Tarlac (Luzon Isl.)",Natural,Geophysical,Volcano,Volcanic eruption,,Flood,Landslide / Mudslide,Philippines,PHL,1991-6-9,1991-6-22 ,640,195,1035870,0,1036065,495752155.99
1991-87,1991,Taal,Balangas province,Natural,Geophysical,Volcano,Volcanic eruption,,,,Philippines,PHL,,,0,0,0,3800,3800,0
1991-79,1991,Poon Bato,Zambales province,Natural,Geophysical,Volcano,Volcanic eruption,,,,Philippines,PHL,1991-4-5,1991-4-5 ,0,0,0,2000,2000,0
1992-505,1992,,,Natural,Hydrological,Flood,,,,,Philippines,PHL,,,0,0,52800,0,52800,0
1992-493,1992,,Region XI,Natural,Hydrological,Flood,,,,,Philippines,PHL,,,19,0,58093,162,58255,0
1992-492,1992,Omar (Lusing),Luzon Isl.,Natural,Meteorological,Storm,Tropical cyclone,,,,Philippines,PHL,1992-8-31,1992-8-31 ,11,1,171603,1965,173569,0
1992-491,1992,Gloring,"Regions III, IV and NCR",Natural,Meteorological,Storm,,,,,Philippines,PHL,1992-8-16,1992-8-16 ,26,0,725956,7140,733096,0
1992-296,1992,Gary,Regions III and NCR,Natural,Meteorological,Storm,Tropical cyclone,,Flood,Landslide / Mudslide,Philippines,PHL,1992-7-20,1992-7-20 ,42,77,134417,0,134494,0
1992-295,1992,Eli (Konsing),"Aurora, Zambales, Nueva Ecija, Nueva Vizcaya, Pangasinan, La Union, Benguet, Ifugao, Isabela, Tarlac provinces",Natural,Meteorological,Storm,Tropical cyclone,,Shipwreck,,Philippines,PHL,1992-7-11,1992-7-12 ,22,0,5135,0,5135,0
1992-294,1992,Influenza,,Natural,Biological,Epidemic,Viral Infectious Diseases,,,,Philippines,PHL,1992-3-15,1992-3-15 ,70,0,0,0,0,0
1992-57,1992,,"Abra, Benguet, Mt. Province, Ilocos Norte, Ilocos Sur, Bataan, Bulacan, Pampanga, Zambales, Pangasinan, Tarlac, Cavite, La Union, National Capital region",Natural,Hydrological,Flood,,,Landslide / Mudslide,,Philippines,PHL,,,60,13,942764,0,942777,149965353.23
1992-30,1992,Taal,Lake Taal (55 km South Manilla),Natural,Geophysical,Volcano,Volcanic eruption,,,,Philippines,PHL,1992-2-14,1992-2-14 ,0,0,1578,0,1578,0
1993-298,1993,,Leyte,Natural,Meteorological,Storm,,,,,Philippines,PHL,,,28,0,0,70000,70000,80441339.35
1993-295,1993,,Kimatu,Natural,Hydrological,Mass movement wet,Landslide,,,,Philippines,PHL,1993-9-7,1993-9-7 ,21,0,0,0,0,0
1993-228,1993,Nell (Puring),"Capiz, iloilo, Negros Oriental, Bohol, Cebu, Agusan del Norte, Cagayan de Oro, Caniguin, Southern Leyte, Surigao del Norte, Davao del Norte, Misamis Oriental",Natural,Meteorological,Storm,Tropical cyclone,,,,Philippines,PHL,1993-12-26,1993-12-26 ,52,7,366217,0,366224,34187569.22
1993-221,1993,,Abuyog town (Leyte province),Natural,Hydrological,Flood,General flood,,,,Philippines,PHL,1993-11-29,1993-12-1 ,25,4,0,0,4,0
1993-113,1993,,"Agusan, Surigao, Davao del Norte provinces (Mindanao Island)",Natural,Hydrological,Flood,General flood,,,,Philippines,PHL,1993-2-1,1993-2-5 ,23,0,90000,0,90000,74408238.9
1993-88,1993,Kyle,,Natural,Meteorological,Storm,Tropical cyclone,,,,Philippines,PHL,1993-11-20,1993-11-23 ,1,0,0,0,0,4022066.97
1993-87,1993,Lola (Monang) and Manny (Naning),"Catanduanes, Camarines Sur, Camarines Norte, Albay, Marinduque, Mindoro Oriental, Quezon, Laguna, Batangas, Rizal provinces (Bicol peninsula, Luzon) Visayas, Masbate, Sorgoson, Occidental Mindoro, Romblon",Natural,Meteorological,Storm,Tropical cyclone,,,,Philippines,PHL,1993-12-6,1993-12-6 ,311,524,994478,164800,1159802,100551674.19
1993-77,1993,Flo (Kadiang),"Pampanga, Nueva Viscaya, Tarlac, Cagayan, Cavite, Bataan, Bulacan, Pangasinan, Nueva Ecija, Metro Manilla provinces",Natural,Meteorological,Storm,Tropical cyclone,,,,Philippines,PHL,1993-10-4,1993-10-4 ,124,35,1941531,0,1941566,378074294.94
1993-55,1993,Koryn (Goring),"Cordillera autonomous region (including Bagio city), Regions I-IV (including Metro Manilla)",Natural,Meteorological,Storm,Tropical cyclone,,,,Philippines,PHL,1993-6-26,1993-6-26 ,2,0,29413,14322,43735,888876.8
1993-54,1993,,"Metro Manilla, Region I, Region III",Natural,Hydrological,Flood,,,,,Philippines,PHL,1993-8-26,1993-8-26 ,5,0,258080,0,258080,5228687.06
1993-8,1993,Mayon,"Ligao, Camalig, Guinobatan, Daraga, Legaspi (Albay province)",Natural,Geophysical,Volcano,Volcanic eruption,,,,Philippines,PHL,1993-2-6,1993-3-19 ,79,9,108000,57000,165009,981384.34
1994-782,1994,,Extesive agricultural and infrastructure damage,Natural,Hydrological,Flood,General flood,,,,Philippines,PHL,1994-3-18,1994-3-31 ,9,0,16821,0,16821,1522741.24
1994-778,1994,,"Panay, Negros Isl.",Natural,Hydrological,Flood,General flood,,,,Philippines,PHL,1994-7-22,1994-8-2 ,2,0,18000,0,18000,2849574.25
1994-768,1994,,Oro area (Mindanao),Natural,Geophysical,Earthquake (seismic activity),Earthquake (ground shaking),,,,Philippines,PHL,1994-5-13,1994-5-13 ,0,3,215,0,218,0
1994-756,1994,Vanessa,Kalinga-Apayao province,Natural,Meteorological,Storm,Tropical cyclone,,,,Philippines,PHL,1994-7-7,1994-7-7 ,3,0,5300,0,5300,0
1994-594,1994,Axel (Garding),"Leyte, Cebu Isl., Surigao, Luzon, Iloilo, Bacolod",Natural,Meteorological,Storm,Tropical cyclone,,Flood,Broken Dam / Burst Bank,Philippines,PHL,1994-12-19,1994-12-23 ,49,86,867837,0,867923,47753521.53
1994-519,1994,Teresa (Katring),"Arora, Quezon, Laguna, Batangas, Rizal, Cavite, Bulacan, Bataan, Oriental Mindoro, Occidental Mindoro provinces (Luzon)",Natural,Meteorological,Storm,Tropical cyclone,,Flood,,Philippines,PHL,1994-10-18,1994-10-22 ,32,15,0,258736,258751,120038315.41
1994-518,1994,,"Mindoro, Luzon",Natural,Geophysical,Earthquake (seismic activity),Earthquake (ground shaking),,,,Philippines,PHL,1994-11-15,1994-11-15 ,81,171,266710,3985,270866,6589640.46
1994-313,1994,Oyang,"Pinatubo, Luzon",Natural,Meteorological,Storm,Tropical cyclone,,,,Philippines,PHL,1994-7-15,1994-7-15 ,39,0,0,0,0,3027672.64
1994-215,1994,Luke (Weling),"Papoay, San Nicolas, Pasuquin municipalities (locos Norte province), Cagayan province",Natural,Meteorological,Storm,Tropical cyclone,,,,Philippines,PHL,1994-9-10,1994-9-10 ,7,0,54674,0,54674,6945837.24
1994-211,1994,,Mont Pinatubo area (Luzon),Natural,Hydrological,Mass movement wet,Landslide,,,,Philippines,PHL,1994-9-19,1994-9-24 ,23,1,45762,22977,68740,42743613.8
1994-168,1994,,"Pampanga, Tarlac, Zambales",Natural,Hydrological,Flood,,,,,Philippines,PHL,1994-6-22,1994-6-22 ,50,0,757000,17000,774000,2938623.45
1994-128,1994,,Davao,Natural,Hydrological,Flood,Storm surge/coastal flood,,,,Philippines,PHL,1994-5-24,1994-5-24 ,1,0,2708,54,2762,65896.4
1994-74,1994,Caitlin (Pasing),"Pampanga, Zambales, Metro Manila (Luzon)",Natural,Meteorological,Storm,Tropical cyclone,,,,Philippines,PHL,1994-8-2,1994-8-2 ,11,0,14000,0,14000,0
1994-73,1994,Sharon (Gading),"Metro Manila, Aurora, Nueva Ecija, Pampanga, Tarlac, Zambales provinces (Luzon)",Natural,Meteorological,Storm,Tropical cyclone,,,,Philippines,PHL,1994-6-23,1994-6-23 ,2,0,23952,0,23952,0
1994-72,1994,Tim (Iliang),"La Union, Pangasinan, Ilocos Sur, Ilocos Norte provinces, Laoag city (Luzon)",Natural,Meteorological,Storm,Tropical cyclone,,Flood,,Philippines,PHL,1994-7-10,1994-7-16 ,17,21,166564,0,166585,1780983.91
1994-71,1994,Yunya (Norming),"Pampanga, Bulacan, Bataan, Zambales, Tarlac, Ilocos Sur, Olongapo, Angeles",Natural,Meteorological,Storm,Tropical cyclone,,,,Philippines,PHL,1994-7-19,1994-7-19 ,11,7,420721,0,420728,66964994.95
1994-34,1994,Owen (Bising),"Negros Occidental, Cebu, Surigao del Sur, Palawan, Calaian",Natural,Meteorological,Storm,Tropical cyclone,,,,Philippines,PHL,1994-4-9,1994-4-9 ,15,33,46500,59213,105746,0
1994-21,1994,,Davao Del Norte Province,Natural,Hydrological,Mass movement wet,Landslide,,,,Philippines,PHL,1994-2-5,1994-2-5 ,4,3,5100,0,5103,0
1994-10,1994,Akang,"Albay, Sorsogon, Palawan, Marinduque Provinces",Natural,Meteorological,Storm,,,,,Philippines,PHL,1994-1-6,1994-1-6 ,62,26,59710,13822,73558,4274361.38
1995-486,1995,Karing,"Pampanga, Zambales, Tarlac (Luzon province)",Natural,Meteorological,Storm,Tropical cyclone,,Flood,,Philippines,PHL,1995-7-29,1995-7-31 ,0,0,20000,0,20000,8059486.2
1995-472,1995,Mt Pinatubo,,Natural,Geophysical,Volcano,Volcanic eruption,,,,Philippines,PHL,1995-7-29,1995-7-30 ,0,0,0,2500,2500,0
1995-306,1995,Dan (Trining),"Agusan, Surigao, Leyte, Samar",Natural,Meteorological,Storm,,,,,Philippines,PHL,1995-12-25,1995-12-25 ,11,2,229191,0,229193,0
1995-304,1995,,"Cagayan, Isabela, Quirino, Nueva Viscaya, Aurora provinces",Natural,Hydrological,Flood,General flood,,,,Philippines,PHL,1995-12-22,1995-12-22 ,13,0,47700,0,47700,805948.62
1995-291,1995,,Davao City,Natural,Hydrological,Flood,,,,,Philippines,PHL,1995-12-10,1995-12-10 ,12,0,4500,0,4500,0
1995-290,1995,,"Albay, Catanduanes, Sorsogon",Natural,Hydrological,Flood,,,,,Philippines,PHL,1995-12-11,1995-12-11 ,17,0,17500,0,17500,228889.41
1995-282,1995,,Negros Occidental,Natural,Hydrological,Flood,,,,,Philippines,PHL,1995-11-28,1995-11-28 ,18,0,0,10000,10000,0
1995-272,1995,Zack (Pepang),"Leyte, Samar, Central Visayas, Panays Islands, Palawan",Natural,Meteorological,Storm,Tropical cyclone,,Flood,,Philippines,PHL,1995-10-28,1995-11-1 ,146,55,347998,0,348053,48356917.21
1995-271,1995,Angela (Rosing),"Luzon, Visayas, Calauag",Natural,Meteorological,Storm,Tropical cyclone,,,,Philippines,PHL,1995-11-3,1995-11-3 ,882,2369,1597219,0,1599588,393302926.61
1995-247,1995,Sybil (Mameng),"Pampanga, Pangasinan, Bulacan, Laguna, Marinduque, Quezon, Barangas, Cavite, Albay, Antique, Cebu, Leyte, Siquijor, Bukidnon provinces and National Capital region",Natural,Meteorological,Storm,Tropical cyclone,,Flood,Landslide / Mudslide,Philippines,PHL,1995-10-9,1995-10-26 ,184,14,758423,106000,864437,61413284.85
1995-209,1995,,"South Cotabato, Sultan Kudarat (Mindanao)",Natural,Hydrological,Flood,Flash flood,,Landslide / Mudslide,,Philippines,PHL,1995-9-4,1995-9-15 ,416,7,24478,0,24485,1128811637.33
1995-199,1995,Nina (Helming),"Pampanga, Sultan Kudarat provinces",Natural,Meteorological,Storm,,,Landslide / Mudslide,Flood,Philippines,PHL,1995-9-4,1995-9-4 ,20,0,19655,0,19655,635087.51
1995-187,1995,Kent (Gening),"Regions I, II, III, IV, V, Metro Manilla",Natural,Meteorological,Storm,Tropical cyclone,,,,Philippines,PHL,1995-8-28,1995-8-28 ,6,0,195886,0,195886,0
1995-163,1995,,Floridablanca Pampanga,Natural,Biological,Insect infestation,,,,,Philippines,PHL,,,0,0,200,0,200,0
1995-161,1995,,Pampanga Province,Natural,Hydrological,Flood,,,,,Philippines,PHL,1995-7-29,1995-7-29 ,0,0,25000,0,25000,0
1995-55,1995,,near Dolores (Samar Isl.),Natural,Geophysical,Earthquake (seismic activity),Earthquake (ground shaking),,,,Philippines,PHL,1995-4-21,1995-4-21 ,0,0,0,0,0,0
1996-372,1996,,Catanduanes (Mindanao),Natural,Hydrological,Mass movement wet,Landslide,,,,Philippines,PHL,1996-11-28,1996-11-28 ,33,8,0,0,8,0
1996-257,1996,Ernie,"Cebu, Bocolod",Natural,Meteorological,Storm,,,,,Philippines,PHL,1996-11-6,1996-11-6 ,12,0,800,0,800,6334574.53
1996-204,1996,,South,Natural,Hydrological,Mass movement wet,Landslide,,,,Philippines,PHL,1996-9-17,1996-9-17 ,12,0,0,0,0,0
1996-157,1996,,Davao Del Norte,Natural,Hydrological,Flood,,,,,Philippines,PHL,1996-6-30,1996-6-30 ,0,0,0,96000,96000,0
1996-129,1996,Cholera,"Baganga, Davao Oriental Province",Natural,Biological,Epidemic,Bacterial Infectious Diseases,,,,Philippines,PHL,1996-5-15,1996-5-30 ,4,0,214,0,214,0
1996-123,1996,Dengue/dengue haemorrhagic fever,,Natural,Biological,Epidemic,Viral Infectious Diseases,,,,Philippines,PHL,1996-1,1996-7-14 ,26,0,1459,0,1459,0
1996-108,1996,Gloria,"Quzeon, Aurora, Quirino, Nueva Vizcaya, Isabela, Cagayan, Batanes, La Union, Ilocos Norte, Ilocos Sur (Luzon Isl.)",Natural,Meteorological,Storm,Tropical cyclone,,,,Philippines,PHL,1996-7-15,1996-7-15 ,26,13,36815,0,36828,58003333.02
1997-567,1997,,"Surigao del Sur, Surigao del NOrte, Agusan del Sur (Mindanao province)",Natural,Hydrological,Flood,General flood,,,,Philippines,PHL,1997-3-9,1997-3-13 ,18,0,105000,0,105000,122766.66
1997-252,1997,Ivan,Cagayan Prov.,Natural,Meteorological,Storm,Tropical cyclone,,,,Philippines,PHL,1997-10-20,1997-10-20 ,1,0,4000,0,4000,0
1997-203,1997,Bining,"Manilla, Luzon",Natural,Meteorological,Storm,Tropical cyclone,,Flood,Landslide / Mudslide,Philippines,PHL,1997-5-24,1997-5-26 ,30,0,309111,0,309111,4038377.01
1997-180,1997,Winnie,All country,Natural,Meteorological,Storm,Tropical cyclone,,,,Philippines,PHL,1997-8-18,1997-8-19 ,18,5,53654,0,53659,8076754.01
1998-9109,1998,,All country,Natural,Climatological,Drought,Drought,,,,Philippines,PHL,,,8,0,2600000,0,2600000,0
1998-404,1998,Faith (Norming),"E and W Samar, Cagayan, Pampanga, Bulacan, Isabela, Quenzon, W Mindoro, Palawan, Masbate, Albay, Sorsogon, Catanduanes, Aklan, Capiz, Antique, Iloilo, Leyte",Natural,Meteorological,Storm,Tropical cyclone,,,,Philippines,PHL,1998-12-11,1998-12-11 ,69,30,326490,0,326520,50181618.78
1998-314,1998,Babs (Loleng),Albay,Natural,Meteorological,Storm,Tropical cyclone,,,,Philippines,PHL,1998-10-21,1998-10-21 ,332,751,3901673,0,3902424,130037407.69
1998-309,1998,Zeb (Iliang),Town Of Tabuk Level 2 = Kalinga-Apayao (from GENAME),Natural,Meteorological,Storm,Tropical cyclone,,,,Philippines,PHL,1998-10-13,1998-10-18 ,75,63,1344556,0,1344619,91575639.22
1998-296,1998,Vicky and Todd (Emang and Gading),"North and Central Luzon Isl., cordillera Autonomous Region, central Visayas Isl., National Capital Region",Natural,Meteorological,Storm,Tropical cyclone,,,,Philippines,PHL,1998-9-18,1998-9-18 ,118,22,1749414,0,1749436,159411209.72
1998-271,1998,Dengue fever,N.A. on the source,Natural,Biological,Epidemic,Viral Infectious Diseases,,,,Philippines,PHL,1998-9-3,1998-9-3 ,202,0,11000,0,11000,0
1998-88,1998,,Quezeon & Rizal,Natural,Climatological,Wildfire,Forest fire,,,,Philippines,PHL,1998-4-2,1998-4-2 ,2,0,300,0,300,0
1999-732,1999,,Manilla,Natural,Hydrological,Mass movement wet,Landslide,,,,Philippines,PHL,1999-8-4,1999-8-4 ,58,0,0,0,0,0
1999-729,1999,Sendang,"Regions V, VI, VII",Natural,Meteorological,Storm,,,,,Philippines,PHL,1999-11-7,1999-11-9 ,33,7,54152,0,54159,24104416.91
1999-728,1999,Reming,"Regions V, VIII",Natural,Meteorological,Storm,,,,,Philippines,PHL,1999-10-15,1999-10-18 ,1,0,5791,0,5791,0
1999-727,1999,Neneng,Region III,Natural,Meteorological,Storm,,,,,Philippines,PHL,1999-9-10,1999-9-15 ,1,2,1505,0,1507,0
1999-726,1999,Luding,"Regions I, II, III and CAR",Natural,Meteorological,Storm,,,,,Philippines,PHL,1999-8-18,1999-8-21 ,11,23,35222,0,35245,6581696.66
1999-725,1999,Ising (Olga),Region III,Natural,Meteorological,Storm,,,,,Philippines,PHL,1999-7-28,1999-8-1 ,47,2,1245917,0,1245919,55509967.25
1999-724,1999,Gening,Region III - Zambales,Natural,Meteorological,Storm,,,,,Philippines,PHL,1999-6-4,1999-6-6 ,0,0,755,380,1135,3630034.85
1999-723,1999,Etang,Regions II - Batanes,Natural,Meteorological,Storm,,,,,Philippines,PHL,1999-6-1,1999-6-6 ,0,0,1601,0,1601,0
1999-644,1999,,Luzon (Manila Region),Natural,Geophysical,Earthquake (seismic activity),Earthquake (ground shaking),,,,Philippines,PHL,1999-12-12,1999-12-12 ,6,40,150,0,190,2946734.17
1999-608,1999,,Surigao del Sur Province,Natural,Hydrological,Flood,Flash flood,,,,Philippines,PHL,,,0,0,0,250,250,0
1999-503,1999,Dengue fever,Pangasinan Province,Natural,Biological,Epidemic,Viral Infectious Diseases,,,,Philippines,PHL,,,10,0,402,0,402,0
1999-390,1999,Dan (Pepang),"Provinces Of Cagayan, Ilocos, Sur, Pangasinan, La Union",Natural,Meteorological,Storm,Tropical cyclone,,,,Philippines,PHL,1999-10-5,1999-10-5 ,7,22,37200,4711,41933,2956589.47
1999-312,1999,,Nord du pays,Natural,Hydrological,Mass movement wet,Landslide,,,,Philippines,PHL,1999-9-13,1999-9-13 ,13,0,0,0,0,0
1999-253,1999,,"Rizal, Pangasinan, Pampanga and Bulacan Provinces",Natural,Hydrological,Flood,Flash flood,,,,Philippines,PHL,1999-7-30,1999-8-8 ,130,32,2096341,3390,2099763,29565894.67
1999-172,1999,,Compostela Valley (Mindanao Isl.),Natural,Hydrological,Mass movement wet,Landslide,,,,Philippines,PHL,1999-5-10,1999-5-10 ,10,10,0,35,45,0
1999-127,1999,,South of Philippines,Natural,Hydrological,Mass movement wet,Landslide,,,,Philippines,PHL,,,19,0,0,0,0,0
1999-83,1999,,Gingoog,Natural,Hydrological,Flood,,,,,Philippines,PHL,1999-3-2,1999-3-2 ,0,0,1300,0,1300,0
1999-53,1999,,"Iligan city, towns of Kauswagan, Linamon and Bacolod (Lanao del Norte Province, Mindanao islands)",Natural,Hydrological,Flood,Flash flood,,,,Philippines,PHL,1999-2-20,1999-2-22 ,34,79,2609,1015,3703,9855298.22
2000-788,2000,Rumbia (Toyang),Mindanao Isl. and Central Philippines,Natural,Meteorological,Storm,Tropical cyclone,,,,Philippines,PHL,2000-11-30,2000-12-3 ,48,26,164067,0,164093,1756689.51
2000-783,2000,Acute diarrhoeal syndrome,Zamboanga,Natural,Biological,Epidemic,,,,,Philippines,PHL,2000-11-18,2000-11-18 ,1,0,664,0,664,0
2000-763,2000,,Cabugao-Apayao (Kaling-Apayao province),Natural,Geophysical,Mass movement dry,Landslide,,,,Philippines,PHL,2000-11-8,2000-11-8 ,11,0,0,0,0,0
2000-715,2000,Bebinca (Seniang),"Rizal, Laguna, Cagayan, Nueva Vizcaya provinces, Manilal area (Luzon Isl)",Natural,Meteorological,Storm,Tropical cyclone,,,,Philippines,PHL,2000-11-3,2000-11-5 ,94,0,1747872,0,1747872,54457374.83
2000-706,2000,Xangsane (Reming),"Cavite, Sorsogon, Catanduanes, Samar, Albay, Manilla (Southern Luzon)",Natural,Meteorological,Storm,Tropical cyclone,,,,Philippines,PHL,2000-10-28,2000-10-31 ,154,314,2435942,0,2436256,29863721.68
2000-597,2000,Maring,"Caloocan, Quezon, Malabon districts (Manila, Luzon)",Natural,Hydrological,Flood,Storm surge/coastal flood,,Flood,,Philippines,PHL,2000-9-4,2000-9-5 ,5,0,6508,0,6508,0
2000-414,2000,Garbage,Manilla,Natural,Hydrological,Mass movement wet,Subsidence,Sudden subsidence,,,Philippines,PHL,2000-7-10,2000-7-10 ,287,38,2800,0,2838,0
2000-397,2000,Kai-Tak (Edeng),"La Union, Pangasinan, Ilocos Norte, Ilocos Sur, Baguio City (Reg. I), Bataan, Bulacan, Pampanga, Olongapo City, Tarlac, Zambales (Reg. III), Mindoro Oriental (Reg. IV), Caloocan, Manioma, Quezon cities, Rizal (NCR), Cavite (Reg. IV), Iloilo, Negros Occide",Natural,Meteorological,Storm,Tropical cyclone,,,,Philippines,PHL,2000-7-7,2000-7-7 ,75,11,1483310,0,1483321,45257591.86
2000-396,2000,Kirogi,Manilla,Natural,Meteorological,Storm,Tropical cyclone,,,,Philippines,PHL,2000-7-5,2000-7-5 ,11,0,0,120000,120000,13175171.33
2000-257,2000,Biring,"Metro Manila, Central Luzon",Natural,Meteorological,Storm,Tropical cyclone,,Flood,,Philippines,PHL,2000-5-18,2000-5-18 ,12,4,235885,0,235889,2109784.1
2000-89,2000,Mount Mayon,Albay (Legazpi Province),Natural,Geophysical,Volcano,Volcanic eruption,,,,Philippines,PHL,2000-2-24,2000-3-9 ,0,0,68426,0,68426,3889310.58
2000-66,2000,,"Matata, Sapa-Sapa, Simunol",Natural,Hydrological,Flood,Storm surge/coastal flood,,,,Philippines,PHL,2000-1-22,2000-1-22 ,0,0,0,5250,5250,0
2000-38,2000,,"Agusan del Sur, Agusan del Norte, Surigao del Sur, Davao Oriental, Davao del Norte, Compostela Valley (Mindano Isl.)",Natural,Hydrological,Flood,Flash flood,,Landslide / Mudslide,,Philippines,PHL,2000-1-28,2000-2-1 ,50,0,153885,0,153885,7167293.2
2001-793,2001,TS Labuyo ( Lekima),"Regions I, II and CAR",Natural,Meteorological,Storm,,,,,Philippines,PHL,2001-9-22,2001-9-27 ,4,0,37357,0,37357,2702056.87
2001-792,2001,TD Jolina,Region III,Natural,Meteorological,Storm,,,,,Philippines,PHL,2001-8-17,2001-8-19 ,0,0,295355,0,295355,562688.46
2001-758,2001,Kajiki (Quedan),"Cebu, Leyte Isl.",Natural,Meteorological,Storm,Tropical cyclone,,Flood,Landslide / Mudslide,Philippines,PHL,2001-12-5,2001-12-7 ,6,8,54832,0,54840,184362.09
2001-614,2001,Lingling (Nanang),"Camiguin Isl., Cagayan de Oro (Mindanao Isl.)",Natural,Meteorological,Storm,Tropical cyclone,,Flood,Landslide / Mudslide,Philippines,PHL,2001-11-8,2001-11-8 ,290,147,1060000,0,1060147,43593952.29
2001-596,2001,,Zamboanga (Mindanao Isl.),Natural,Hydrological,Flood,Flash flood,,,,Philippines,PHL,2001-10-10,2001-10-10 ,4,0,300,0,300,0
2001-461,2001,Mt Mayon,Legaspi,Natural,Geophysical,Volcano,Volcanic eruption,,,,Philippines,PHL,2001-7-25,2001-7-25 ,0,0,57645,0,57645,3433743.91
2001-445,2001,,"Zamboanga del Sur, Maguindanao, Sultan Kudarat, North Cotabato, Misamis Occidental, Zamboanga del Norte, Zamboanga Sibugay provinces (Mindanao Isl).",Natural,Hydrological,Flood,Flash flood,,,,Philippines,PHL,2001-8-12,2001-8-14 ,37,0,79000,0,79000,15363507.41
2001-319,2001,Utor (Feria),"Regions I, II, III, IV, VIII, Cordillera Autonomous Region (CAR), National Capital Region",Natural,Meteorological,Storm,Tropical cyclone,,,,Philippines,PHL,,,232,241,1902413,0,1902654,131674860.73
2001-297,2001,Mt. Mayon,Luzon Isl.,Natural,Geophysical,Volcano,Volcanic eruption,,,,Philippines,PHL,2001-5-24,2001-5-24 ,0,0,25576,0,25576,1520987.23
2001-59,2001,,Silay city and surrounding (Negros Island and Province),Natural,Hydrological,Flood,General flood,,,,Philippines,PHL,2001-1-15,2001-1-15 ,2,0,12000,0,12000,0
2001-54,2001,Auring,"Leyte Isl., Visayas, Mindanao",Natural,Meteorological,Storm,Tropical cyclone,,,,Philippines,PHL,2001-2-17,2001-2-17 ,55,84,0,100000,100084,11522630.56
2002-9164,2002,,"Pangasinan, La Union, Ilocos Norte, Ilocos Sur",Natural,Climatological,Drought,Drought,,,,Philippines,PHL,,,0,0,0,0,0,845201.89
2002-878,2002,TD Milenyo,"REgions III, IV, V, VI, VII, VIII, X, CARAGA",Natural,Meteorological,Storm,,,,,Philippines,PHL,2002-8-11,2002-8-14 ,57,21,194451,0,194472,6231731.36
2002-877,2002,TD Juan,"Regions IV, VI",Natural,Meteorological,Storm,,,,,Philippines,PHL,2002-7-15,2002-7-23 ,14,2,19048,0,19050,444057.5
2002-875,2002,TD Caloy,"Regions VI, VII, VIII and CARGA",Natural,Meteorological,Storm,,,,,Philippines,PHL,2002-3-20,2002-3-20 ,42,2,54629,0,54631,6142173.55
2002-858,2003,Acute respiratory syndrome (SARS),,Natural,Biological,Epidemic,Viral Infectious Diseases,,,,Philippines,PHL,2003-2-25,2003-5-5 ,2,0,12,0,12,0
2002-532,2002,,"Manila area (Bulacan, Laguna, Pampanga, Pangasinan provinces, Luzon), Maguindanao Province (Mindanao), Negros Island, Visayas.",Natural,Hydrological,Flood,Storm surge/coastal flood,,,,Philippines,PHL,2002-7-20,2002-7-28 ,18,0,7000,0,7000,0
2002-528,2002,Rammasun (Florita),Manilla (Luzon Isl.),Natural,Meteorological,Storm,Tropical cyclone,,,,Philippines,PHL,2002-6-28,2002-7-3 ,7,0,0,3000,3000,0
2002-499,2002,,"Negros Occidental (Negros Isl.), Manila and Rizal Province (Luzon Island)",Natural,Hydrological,Flood,Storm surge/coastal flood,,,,Philippines,PHL,2002-8-13,2002-8-17 ,26,59,3500,0,3559,0
2002-423,2002,Halong (Anday),,Natural,Meteorological,Storm,Tropical cyclone,,,,Philippines,PHL,2002-7-13,2002-7-13 ,62,0,11000,0,11000,10567822.28
2002-408,2002,Chata\'an,Manilla,Natural,Meteorological,Storm,Tropical cyclone,,,,Philippines,PHL,2002-7-7,2002-7-9 ,33,41,700000,0,700041,1865787.83
2002-176,2002,,"Surigao del Norte, Surigao del Sur",Natural,Hydrological,Flood,General flood,,,,Philippines,PHL,2002-3-21,2002-3-26 ,35,0,50000,0,50000,2705392.36
2002-129,2002,,"General Santo city Kiamba (Saranggani province, Mindanao Isl.)",Natural,Geophysical,Earthquake (seismic activity),Earthquake (ground shaking),,Tidal Wave / Tsunami,,Philippines,PHL,2002-3-6,2002-3-6 ,15,100,73351,0,73451,3197960.35
2002-5,2002,,"Davao del Sur, Surigao del Sur, Agusan del Sur, Davao del Norte, Davao Oriental, Compostella Valley ((Mindanao Isl.)",Natural,Hydrological,Flood,General flood,,Landslide / Mudslide,,Philippines,PHL,2002-1-4,2002-1-7 ,11,8,95000,0,95008,731388.83
2003-826,2003,Onyok (Dujuan),Regions III and NCR,Natural,Meteorological,Storm,,,,,Philippines,PHL,2003-8-30,2003-9-2 ,1,1,34288,0,34289,0
2003-825,2003,Nina (Krovanh),Region I,Natural,Meteorological,Storm,,,,,Philippines,PHL,2003-8-20,2003-8-24 ,1,0,1156,0,1156,138626.44
2003-824,2003,Kabayan,Region III,Natural,Meteorological,Storm,Tropical cyclone,,,,Philippines,PHL,2003-8-4,2003-8-5 ,0,0,155147,0,155147,1255233.94
2003-823,2003,Ineng,"Regions V, VIII, X",Natural,Meteorological,Storm,Tropical cyclone,,,,Philippines,PHL,2003-7-30,2003-7-31 ,0,0,3748,0,3748,277252.88
2003-822,2003,Gilas (Koni),"Regions IV , VIII",Natural,Meteorological,Storm,Tropical cyclone,,,,Philippines,PHL,2003-7-15,2003-7-19 ,8,1,116601,0,116602,2846589.52
2003-610,2003,,"Liloan, San Francisco, Maasin, Punta, San Ricardo (Leyte province), Surigao, Mindana, Caraga, Misamis Oriental, Compostela Valley, Agusan del Sur, Agusan del Norte, Surigao del Sur, Surigao de Norte, South Cotabato, Bohol provinces",Natural,Hydrological,Mass movement wet,Landslide,,Flood,,Philippines,PHL,2003-12-19,2004-1-7 ,255,54,217934,0,217988,13292946.37
2003-346,2003,Imbudo,"Maguindanao provinces (Autonomous Region of Muslim Mindanao), North Cobato, Sultan Kudarat (Region XII), Isabela (Region II), Ilocos Norte (Region I), Romblon (Region IV)",Natural,Meteorological,Storm,Tropical cyclone,,Flood,,Philippines,PHL,2003-7-19,2003-7-23 ,21,0,14280,0,14280,50262529.22
2003-290,2003,Soudelor (Egay),"Sorsogon, Albay, Catanduanes, Camarines Sur (Leyte), Barangay Aslum, Naval, Biliran city (Catbalogan Biliran Island)",Natural,Meteorological,Storm,Tropical cyclone,,Landslide / Mudslide,Flood,Philippines,PHL,2003-6-15,2003-6-18 ,13,3,46472,80655,127130,4662026.19
2003-289,2003,,Cebu,Natural,Hydrological,Flood,Flash flood,,Landslide / Mudslide,,Philippines,PHL,2003-5-16,2003-5-16 ,0,0,3500,0,3500,0
2003-258,2003,Linfa (Chedeng),"Pangasinan, La Union, Ilocos Norte, Ilocos Sur, Zambales, Battan, Cavite, Batangas, Rizal, Romblon, Occ. Mindoro, Iloilo, Bulacan Benguet provinces, Valenzuela city (Luzon Isl).",Natural,Meteorological,Storm,Tropical cyclone,,Landslide / Mudslide,Flood,Philippines,PHL,2003-5-26,2003-5-30 ,51,16,11345,2548,13909,7595969.35
2004-673,2004,Meningococcal disease,"Bagio city, Mt Province, Ifugao (Luzon)",Natural,Biological,Epidemic,Bacterial Infectious Diseases,,,,Philippines,PHL,2004-10-1,2005-1-28 ,32,0,98,0,98,0
2004-634,2004,,Hubo (nearTinambac),Natural,Hydrological,Mass movement wet,Landslide,,,,Philippines,PHL,2004-12-13,2004-12-13 ,8,6,0,0,6,0
2004-618,2004,Nanmadol (Yoyong/30W),Bicol,Natural,Meteorological,Storm,Tropical cyclone,,,,Philippines,PHL,2004-11-30,2004-12-3 ,8,8,70480,0,70488,63263280.92
2004-609,2004,Winnie,"Isabela (Region II), Bulacan, Nueva Ecija, Aurora (Region III), Quezon, Rizal (Region IV), Camarines Sur (Region V) - Real, Infanta, General Nakar (Quezon province, East coast Luzon Isl.)",Natural,Meteorological,Storm,Tropical cyclone,,Flood,Landslide / Mudslide,Philippines,PHL,2004-11-29,2004-11-30 ,1619,1023,880000,0,881023,145505546.11
2004-602,2004,Merbok (Violeta),Aurora province (Luzon Isl),Natural,Meteorological,Storm,Tropical cyclone,,Flood,Landslide / Mudslide,Philippines,PHL,2004-11-23,2004-11-28 ,29,14,0,2000,2014,0
2004-580,2004,Muifa (Unding/29W),"Catanduanes Isl., Bicol peninsula, Mindoro Isl., Camarines Sur, Sorsogon",Natural,Meteorological,Storm,Tropical cyclone,,Landslide / Mudslide,,Philippines,PHL,2004-11-14,2004-11-21 ,104,240,838434,0,838674,11164108.4
2004-435,2004,Aere (Marce/20W),"Pampanga, Tarlac, Bataan, Bulacan, Pangasinan, Benguet, Rizal, La Union, Nueva Vizcaya, Nueva Ecija, Ifugao provinces (Luzon Isl)",Natural,Meteorological,Storm,Tropical cyclone,,Flood,Landslide / Mudslide,Philippines,PHL,2004-8-25,2004-8-26 ,35,0,1058849,0,1058849,0
2004-311,2004,,"Libungan, Alamada, Pigcawayan (North Cotabato province, Mindanao)",Natural,Hydrological,Flood,Flash flood,,,,Philippines,PHL,2004-6-28,2004-6-30 ,15,0,0,1500,1500,0
2004-309,2004,Mindulle (Igme/10W),"Cagayan, Laoag, La Union (North of Luzon Isl.), Mindanao Isl.",Natural,Meteorological,Storm,Tropical cyclone,,Flood,,Philippines,PHL,2004-6-25,2004-7-2 ,28,12,385000,0,385012,36594086.64
2004-267,2004,,Leyte Isl.,Natural,Meteorological,Storm,Local storm,Tornado,,,Philippines,PHL,2004-6-10,2004-6-10 ,7,4,0,4500,4504,0
2004-218,2004,Nida (Dindo/04W),Bicol region,Natural,Meteorological,Storm,Tropical cyclone,,Winds and Rains,Landslide / Mudslide,Philippines,PHL,2004-5-13,2004-5-19 ,31,14,0,700,714,1860684.73
2004-87,2004,,Mindanao Isl.,Natural,Hydrological,Flood,General flood,,Landslide / Mudslide,,Philippines,PHL,2004-2-11,2004-2-26 ,7,0,20000,0,20000,0
2004-28,2004,,La Union,Natural,Hydrological,Flood,General flood,,,,Philippines,PHL,2004-1-23,2004-1-23 ,27,0,194,0,194,0
2005-669,2005,,"Del Pilar village (Naujan, Calapan, Victoria, Pola, Pinamalayn, Oriental Mindoro province), Palawan, Bicol",Natural,Hydrological,Flood,General flood,,Landslide / Mudslide,Broken Dam / Burst Bank,Philippines,PHL,2005-12-5,2005-12-29 ,4,0,192946,0,192946,890059.62
2005-540,2005,Damrey,"Luzon, Muntinlupa, Pampanga, Gabaldon, Angono, Quezon, Aurora, Nueja Ecija, Rizal, Bicol, Ilpcos Norte",Natural,Meteorological,Storm,Tropical cyclone,,Landslide / Mudslide,Flood,Philippines,PHL,2005-9-15,2005-9-22 ,16,0,20000,0,20000,3456542.22
2005-284,2005,,Mindanao Isl.,Natural,Hydrological,Flood,,,,,Philippines,PHL,2005-5-12,2005-5-12 ,1,0,100,0,100,0
2005-120,2005,Roke (Auring/02W),Leyste Isl.,Natural,Meteorological,Storm,Tropical cyclone,,,,Philippines,PHL,2005-3-15,2005-3-17 ,18,0,11,0,11,0
2006-702,2006,,"Mondragon, Catarman, Pambujan, San Roque, Catubig, Silvino Lobos (Northern Samar), Sta. Josefa, Agusan del Sur (CARAGA), Tago (Surigao del Sur), Kapalong (Dvao del Norte (Region XI) - Visayas and Mindanao",Natural,Hydrological,Flood,General flood,,Landslide / Mudslide,,Philippines,PHL,2006-12-27,2006-12-29 ,0,0,415618,0,415618,5208038.23
2006-667,2006,Utor (Seniang),"Regions IV-B, V, VI, VII, VIII",Natural,Meteorological,Storm,Tropical cyclone,,,,Philippines,PHL,2006-12-11,2006-12-11 ,42,42,327500,0,327542,0
2006-648,2006,Durian (Reming),"Daraga town, Bicol region (Albay province), Catanduanes, Camarines, Sorgoson, Mindoro, Marinduque, Batangas, Laguna",Natural,Meteorological,Storm,Tropical cyclone,,Landslide / Mudslide,Flood,Philippines,PHL,2006-11-30,2006-12-8 ,1399,2143,2560374,0,2562517,101859716.77
2006-610,2006,Queenie (Chebi),"Isabela, Auroa, Nueva Ecija (Luzon Island)",Natural,Meteorological,Storm,Tropical cyclone,,Landslide / Mudslide,,Philippines,PHL,2006-11-13,2006-11-13 ,6,10,21250,0,21260,0
2006-605,2006,,Davao del Norte (Mindanao Island),Natural,Hydrological,Flood,General flood,,Broken Dam / Burst Bank,,Philippines,PHL,2006-10-21,2006-10-27 ,2,0,40000,0,40000,1170466.32
2006-600,2006,Cimaron (Paeng),"Quirino, Isabela, Neuva Vizcaya, Benguet, Kalinga, Aurora, La Union, Cagayan (Luzon Isl.)",Natural,Meteorological,Storm,Tropical cyclone,,Flood,Landslide / Mudslide,Philippines,PHL,2006-10-30,2006-11-1 ,34,58,282963,0,283021,13924407.37
2006-563,2006,,"Pasonanca, Tugbungan, Tumaga, Putik, Guiwan, Baliwasan, San JOse Gusu, Tetuan",Natural,Hydrological,Flood,General flood,,,,Philippines,PHL,2006-10-4,2006-10-8 ,3,0,4250,0,4250,612078.72
2006-517,2006,Xangsane (Milenyo),"Luzon, Manilla, Panay Isl.",Natural,Meteorological,Storm,Tropical cyclone,,Flood,Landslide / Mudslide,Philippines,PHL,2006-9-27,2006-10-6 ,228,406,3842000,0,3842406,173345602.34
2006-450,2006,Mount Mayon,Albay province,Natural,Geophysical,Volcano,Volcanic eruption,,,,Philippines,PHL,2006-8-13,2006-8-13 ,0,0,43849,0,43849,0
2006-448,2006,,Mindano Island,Natural,Hydrological,Flood,,,Landslide / Mudslide,,Philippines,PHL,2006-8,2006-8,26,0,15000,0,15000,0
2006-439,2006,,Between Kapatogan and Pagadian (Mindanao),Natural,Hydrological,Mass movement wet,Avalanche,,,,Philippines,PHL,2006-8-13,2006-8-13 ,6,0,1200,0,1200,0
2006-415,2006,Henry,"Tarlac, Zambales, Nueva Ecija",Natural,Meteorological,Storm,Tropical cyclone,,Heavy Rain,,Philippines,PHL,2006-6-30,2006-8-2 ,8,0,476027,0,476027,989450.56
2006-410,2006,Prapiroon,"Quirino region, Northern Luzon",Natural,Meteorological,Storm,Tropical cyclone,,,,Philippines,PHL,2006-8-2,2006-8-6 ,6,0,15000,0,15000,207094303.68
2006-388,2006,Kaemi,Central Luzon provinces,Natural,Meteorological,Storm,Tropical cyclone,,Heavy Rain,,Philippines,PHL,2006-7-24,2006-7-28 ,4,0,200355,0,200355,722529.02
2006-362,2006,Bilis,Northern Luzon,Natural,Meteorological,Storm,Tropical cyclone,,Flood,Landslide / Mudslide,Philippines,PHL,2006-7-11,2006-7-17 ,37,0,51680,0,51680,4602095.64
2006-251,2006,Chanchu (Caloy),"Sogod, Macrohon (Leyte), Albay province (Bicol region, Luzon), Visayas, Tagalog, Bicol",Natural,Meteorological,Storm,Tropical cyclone,,Flood,Landslide / Mudslide,Philippines,PHL,2006-5-11,2006-5-12 ,41,0,42000,0,42000,5105258.09
2006-137,2006,,Carmen,Natural,Hydrological,Flood,Flash flood,,,,Philippines,PHL,2006-3-4,2006-3-6 ,1,0,1000,0,1000,0
2006-96,2006,,"Baranguay Guinsaugon (St Bernard, Southern Leyte)",Natural,Hydrological,Mass movement wet,Landslide,,,,Philippines,PHL,2006-2-17,2006-2-17 ,1126,19,5907,0,5926,3379472.23
2006-87,2006,,Agos Agos (Sogod Southern Leyte municipality),Natural,Hydrological,Mass movement wet,Landslide,,,,Philippines,PHL,2006-2-14,2006-2-14 ,11,25,7500,0,7525,0
2006-40,2006,,"Nueva Ecija, Kalinga, Cagayan, Abra, Aurora,Quezon, Isabela (Luzon)",Natural,Hydrological,Flood,Flash flood,,,,Philippines,PHL,2006-1-26,2006-2-5 ,4,0,256641,0,256641,14726706.04
2007-9347,2007,,"La Union, Isabela, Pangasinan, Ilocos Sur, Nueva Vizcaya, Quirino",Natural,Climatological,Drought,Drought,,,,Philippines,PHL,2007-8,2007-8,0,0,0,0,0,0
2007-669,2007,Mount Bulusan,Irosin (Sorsogon province),Natural,Geophysical,Volcano,Volcanic eruption,,,,Philippines,PHL,2007-7-31,2007-7-31 ,0,0,14036,0,14036,0
2007-668,2007,Goring,"Western section Luzon, Visayas, Mindanao regions",Natural,Meteorological,Storm,Tropical cyclone,,Flood,,Philippines,PHL,2007-9-18,2007-9-18 ,1,0,64000,0,64000,0
2007-667,2007,Hanna,"Upper Pitawan, Hingyon, Ifugao, Bagong Silangan, Payatas, Quezon city, Lun Pididu, Malapatan, Sarangani, Hinigaran, Isabela, Ilog, Vallolodid, Pontevedra, NegrosOccidental (Regions V, X, XII, CAR, NCR)",Natural,Meteorological,Storm,Tropical cyclone,,Flood,Landslide / Mudslide,Philippines,PHL,2007-9-29,2007-9-30 ,11,0,12515,0,12515,347943.09
2007-665,2007,,"Naujan, Victoria (Oriental Mindoro)",Natural,Hydrological,Flood,General flood,,,,Philippines,PHL,2007-12-1,2007-12-4 ,0,0,12205,0,12205,0
2007-578,2007,Hagibis (Lando) (24),Central Visayans and Northern Mindanao regions,Natural,Meteorological,Storm,Tropical cyclone,,Flood,Landslide / Mudslide,Philippines,PHL,2007-11-18,2007-11-23 ,20,11,35322,0,35333,1338242.66
2007-577,2007,,"Zamboanga, Mosamis Oriental (Jolo Isl.)",Natural,Hydrological,Flood,Storm surge/coastal flood,,,,Philippines,PHL,2007-11-28,2007-11-28 ,0,0,33571,0,33571,0
2007-576,2007,Mitag (Mina) (23),"Isabela (Luzon Isl.), Camarines Sur, Camarines Norte provinces",Natural,Meteorological,Storm,Tropical cyclone,,Flood,Landslide / Mudslide,Philippines,PHL,2007-11-25,2007-12-2 ,29,6,443109,0,443115,6691213.3
2007-560,2007,Kabayan (Peipah),"Isabela, Cagayan (Luzon)",Natural,Meteorological,Storm,Tropical cyclone,,,,Philippines,PHL,2007-11-4,2007-11-6 ,8,0,33884,0,33884,3975918.94
2007-553,2007,,Central Visayans and Northern Mindano regions,Natural,Hydrological,Flood,Storm surge/coastal flood,,Landslide / Mudslide,,Philippines,PHL,2007-11-18,2007-11-21 ,11,0,16463,0,16463,3372371.5
2007-525,2007,,Bicol (Southern Luzon),Natural,Hydrological,Flood,General flood,,Landslide / Mudslide,,Philippines,PHL,2007-10-27,2007-11-1 ,20,0,0,0,0,0
2007-463,2007,Lekima,"Ifugao, Kalinga provinces",Natural,Meteorological,Storm,Tropical cyclone,,Flood,Landslide / Mudslide,Philippines,PHL,2007-9-29,2007-10-12 ,8,0,2000,0,2000,0
2007-457,2007,Wipha/Goring,Negros Occidental,Natural,Meteorological,Storm,Tropical cyclone,,Flood,,Philippines,PHL,2007-9-17,2007-9-25 ,2,0,30000,0,30000,0
2007-380,2007,Sepat,"Central Luzon, Southern Luzon provinces, and the Bicol region",Natural,Meteorological,Storm,Tropical cyclone,,Flood,,Philippines,PHL,2007-8-17,2007-8-24 ,3,0,380000,0,380000,658415.39
2007-346,2007,Chedeng and Dodong,"Metro Manilla, Luzon provinces",Natural,Meteorological,Storm,Tropical cyclone,,Flood,Landslide / Mudslide,Philippines,PHL,2007-8-8,2007-8-13 ,7,7,921455,0,921462,658415.39
2007-22,2007,,"Agusan del Norte, Agusan del Sur, Davao del Norte, Davao del Sur (Mindanao Isl.) - Visayas",Natural,Hydrological,Flood,General flood,,Landslide / Mudslide,,Philippines,PHL,2007-1-10,2007-1-24 ,9,0,24508,0,24508,5460030.05
2008-623,2008,TRopical storm \'Higos\' (Pablo),"Nueva Ecija, Pampanga, Candaba",Natural,Meteorological,Storm,Tropical cyclone,,,,Philippines,PHL,2008-9-29,2008-9-29 ,1,0,27683,0,27683,0
2008-622,2008,,"Cotabato, Shariff Kabunsuan, Maguindanao",Natural,Hydrological,Flood,General flood,,,,Philippines,PHL,2008-9-4,2008-9-13 ,6,3,365675,0,365678,4944121.95
2008-621,2008,Typhoon \'Helen\',"Nueva Era, Paoay, San Nicolas, Bangui, Batac city, Dingras, Pasuquin, Marcos, Piddig, Laoag city, Bacarra, Sarrat, Currimao, Pagudpud (Ilicos Norte), Luna (La Union), Sta.Terisita (Cagayan)",Natural,Meteorological,Storm,Tropical cyclone,,Flood,,Philippines,PHL,2008-7-18,2008-7-18 ,2,1,31129,0,31130,175679.46
2008-620,2008,,"Manay (Davao Oriental), B.E. Dujali (Davaao del Norte)",Natural,Hydrological,Flood,General flood,,,,Philippines,PHL,2008-6-17,2008-6-17 ,7,1,2390,0,2391,206752.02
2008-611,2008,,"Asucion (Davao del Norte province), Initao, Gitagum (Oriental province)",Natural,Hydrological,Flood,General flood,,,,Philippines,PHL,2008-1-18,2008-1-18 ,0,0,29184,0,29184,533013.87
2008-609,2008,TYphoon \'Rammasun\' (Butchoy),"Lambayong, Esperanza (Sultan Kudarat)",Natural,Meteorological,Storm,Tropical cyclone,,Flood,,Philippines,PHL,2008-5-13,2008-5-13 ,1,40,8350,0,8390,334627.54
2008-608,2008,,"Nueva Ecija, Tariac, Pampanga, Bulacan",Natural,Hydrological,Flood,General flood,,,,Philippines,PHL,2008-8-8,2008-8-8 ,0,0,39530,0,39530,0
2008-571,2008,,Souther Luzon,Natural,Hydrological,Flood,General flood,,,,Philippines,PHL,2008-12-1,2008-12-4 ,29,0,0,50000,50000,0
2008-545,2008,,"Alcala, Amulung, Enrile, Gattaran, Iguig, Lasam, Claveria, Peablanca, Solana, Tuguegarao city, Tuao, Camalaniugan, Lallo, Baggao (Cagayan province), Cauayan city, Quezon, Cabagan, Delfin Albano, Ilagan, Mallig, Tumauni, San Pablo, Sta. Maria, Sto.Thomas",Natural,Hydrological,Flood,Flash flood,,,,Philippines,PHL,2008-11-21,2008-11-24 ,10,0,239763,0,239763,4885562.13
2008-540,2008,Tropical Storm \'Maysak\' (Quinta-Sony),"Pro, Tudela, Pilar and San Francisco (Camotes Island), Madridejos, Bantayan and Sta. Fe (Bantayan Island), Catmon, Medellin, San Remegio, Tuburan, Carmen, Tabuelan, Tabogon, Borbon, Sogod (Cebu province), Concepcion , Iloilo, Surigao Norte, Pililia Rozal,",Natural,Meteorological,Storm,Tropical cyclone,,Flood,,Philippines,PHL,2008-11-6,2008-11-11 ,19,14,300,160,474,0
2008-426,2008,Typhoon \'Hagupit\' (Nina),"Itogon, Central region",Natural,Meteorological,Storm,Tropical cyclone,,Landslide / Mudslide,,Philippines,PHL,2008-9-22,2008-9-22 ,37,17,41630,4485,46132,8867629.89
2008-393,2008,,Maco town (Compostelle Valley),Natural,Hydrological,Mass movement wet,Landslide,,,,Philippines,PHL,2008-9-6,2008-9-6 ,24,28,5000,0,5028,0
2008-369,2008,Tropical storm \'Nuri\' (Karen),"Ilocos, Cagayan, Cordillera regions (La Union, Cagayan, Benguet provinces)",Natural,Meteorological,Storm,Tropical cyclone,,,,Philippines,PHL,2008-8-22,2008-8-22 ,38,13,429450,0,429463,40477981.73
2008-347,2008,,Bansalan (Davao del Sur),Natural,Hydrological,Flood,Flash flood,,,,Philippines,PHL,2008-6-6,2008-6-6 ,1,0,1000,0,1000,0
2008-329,2008,Tropical storm \'Kammuri\' (Julian),"Quezon city (NCR), CAR, Region I, Region III",Natural,Meteorological,Storm,Tropical cyclone,,Flood,,Philippines,PHL,2008-8-4,2008-8-4 ,2,0,4498,0,4498,0
2008-292,2008,Tropical Storm \'Fung-Wong\' (Igme),"Piddig, Pasuquin - Metro Manilla (Northern Luzon), Ilocos Norte, Ilocos Sur, Abra",Natural,Meteorological,Storm,Tropical cyclone,,Flood,,Philippines,PHL,2008-7-28,2008-7-29 ,10,2,22079,0,22081,47803.93
2008-249,2008,Typhoon Fengshen (Franck),"Aklan, Cebu, Cotabato, General Santos, Iloilo, Leyte, Marinduque, Masbate, Mindoro Oriental, Ormoc, Romblon, Eastern and Western Samar Island, Iloilo, Antique, Capiz, Negros Occidental",Natural,Meteorological,Storm,Tropical cyclone,,Flood,Landslide / Mudslide,Philippines,PHL,2008-6-21,2008-6-23 ,644,826,4784634,0,4785460,340237334.86
2008-197,2008,Halong (Cosme),"Botoloan, Pangasinan, Zambales and La Union provinces",Natural,Meteorological,Storm,Tropical cyclone,,Landslide / Mudslide,Flood,Philippines,PHL,2008-5-18,2008-5-18 ,64,33,1496635,0,1496668,118522685.58
2008-155,2008,Typhoon \'Neoguri\' (Ambo),Mindanao Island,Natural,Meteorological,Storm,Tropical cyclone,,,,Philippines,PHL,2008-4-13,2008-4-13 ,1,0,0,0,0,19121573.89
2008-77,2008,,"Naujan, Baco (Oriental Mindoro-Region IV-B), Albay, Camarines Sur, Camarines Norte, Sorgoson, Catanduanes (Region V), Capiz (Region VI), Eastern, Northern and Western Samar provinces, Leye (Region VIII), Leyte, Misamis Oriental, Lanao del Norte (Region X",Natural,Hydrological,Flood,General flood,,Landslide / Mudslide,,Philippines,PHL,2008-2-12,2008-3-12 ,63,37,875306,0,875343,36728958.15
2009-606,2009,Goni (Jolina),"Panay, Negros, Mindanao Islands",Natural,Meteorological,Storm,Tropical cyclone,,Flood,,Philippines,PHL,2009-8-1,2009-8-3 ,14,10,221412,0,221422,3612619.39
2009-574,2009,Mount Mayon,"Camalig, Daraga, Legaspi city, Tabaco city, Malilipot, Santo Domingo, Legao city, Guinobatan",Natural,Geophysical,Volcano,Volcanic eruption,,Earthquake,,Philippines,PHL,2009-12-14,2009-12-20 ,0,0,47137,0,47137,0
2009-521,2009,Tropical depression \'Urduja\',Agusan del Norte province (Caraga); Region VII; Region X,Natural,Meteorological,Storm,Tropical cyclone,,Landslide / Mudslide,,Philippines,PHL,2009-11-25,2009-11-25 ,4,13,48129,0,48142,15010.88
2009-478,2009,Tropical storm \'Mirinae\' (Santi),"NCR; Aurora, Bataan, Bulacan (Region III); Batangas, Cavite, Laguna, Quezon, Rizal (Region IV-A); Occidental Mindoro, Oriental Mindoro (REgion IV-B); Albay, Camarines Norte, Damarines Sur (Region V)",Natural,Meteorological,Storm,Tropical cyclone,,Landslide / Mudslide,,Philippines,PHL,2009-10-28,2009-10-28 ,39,20,802155,0,802175,19006280.83
2009-422,2009,Typhoon \'Pepeng\' (Parma),"NCR; La Union, Pangasinan, Ilocos Norte, Ilocos Sur, (Region I); Isabela, Nueva Vizcaya, Cayagan (Region II); Aurora, Bulacan, Pampanga, Zambales, Nueva Ecija, Tarlac (Region III); Quezon, (Region IV-A); Albay, Camarines Sur, Catanduanes, Sorsogon (Region",Natural,Meteorological,Storm,Tropical cyclone,,Flood,Landslide / Mudslide,Philippines,PHL,2009-9-29,2009-10-10 ,512,207,4478284,0,4478491,732254683.71
2009-414,2009,Tropical storm \'Ondoy\' (Ketsana),"Bolinao, Sual, Dagupan city (Pangasinan, Region I); Rizal, Cabarroguis (Quirino, Region II); Mandaluyong, Manila, Marikina, Muntinlupa, Navotas, Paranaque, Pasig, Las Pinas, Caloocan, Makati, Valenzuela, Malabon, Pateros, Quezon, Taguig, San Juan, Pasay c",Natural,Meteorological,Storm,Tropical cyclone,,Flood,,Philippines,PHL,2009-9-24,2009-9-27 ,501,529,4901234,0,4901763,297076650.48
2009-404,2009,,"Pablacion, Norala, Panay, Santo Nino (South Cotabo)",Natural,Geophysical,Earthquake (seismic activity),Earthquake (ground shaking),,,,Philippines,PHL,2009-9-18,2009-9-19 ,0,2,380,10,392,112581.63
2009-374,2009,Tropical Depression Nando,"Santa Teresita (Cagayan) - Region II; Silang (Cavite); Santa Cruz, Bay, Los Banos, Santa Rosa, Calamba, Banan, San Pedro (Laguna) - Region IV; Pasil (Kalinga) - CAR",Natural,Meteorological,Storm,Tropical cyclone,,Flood,Landslide / Mudslide,Philippines,PHL,2009-9-12,2009-9-13 ,3,3,48330,0,48333,0
2009-373,2009,Tropical depression Maring,"Botolan, Iba, San Antonio, San Felipe, San Marcelino (Zambales); Abucay, Bagac, Dinalupihan, Hermosa, Morong, Pilar, Samal (Battan); Apalit, Arayat, Bacolor, Floridabanca, Guagua, Lubao, Masantol, Mexico, Minalin, San Luis, Sasmuan, Stanta Ana, Santo Thom",Natural,Meteorological,Storm,Tropical cyclone,,Flood,Landslide / Mudslide,Philippines,PHL,2009-9-8,2009-9-9 ,15,0,388373,0,388373,7884466.77
2009-360,2009,Tropical storm Labuyo (Dujuan),"Botolan (Zamables); Pilar, Morong, Hermosa, Dinalupihan (Bataan) - Region III; Sibalom (Antique); San Erique, Pontevedra, La Carlota City, Valladolid, Hinigaran (Negros Occidental) - Region VI; Bayawan city (Negros Oriental) - Region VII",Natural,Meteorological,Storm,Tropical cyclone,,Landslide / Mudslide,,Philippines,PHL,2009-9-2,2009-9-8 ,1,0,95700,0,95700,0
2009-321,2009,Typhoon Morakot (Kiko),"Bagio city, Benguet, Capas, Tarlac, Bautista, Pangasingan, Botolan, Zambales, Mandaluyong city (Central and Northern Luzon)",Natural,Meteorological,Storm,Tropical cyclone,,Landslide / Mudslide,Flood,Philippines,PHL,2009-8-4,2009-8-8 ,26,18,94211,0,94229,31272674.78
2009-311,2009,,"Santolan, Sta Lucia, Maybunga baranguays (Pasig city); Malanday (Marikina city)",Natural,Hydrological,Flood,General flood,,,,Philippines,PHL,2009-8-5,2009-8-5 ,0,0,1578,0,1578,0
2009-289,2009,,"Kabacan,Midsayap, Libungan, Pigcawayan, Alamada, Aleosan, Pikit (North Cotabato); Sultan Kudarat, Sultan Mastura, Mangundadatu, Buluan, Pandag, South Upi, North Kabuntalan, Ampatuan, Shariff Aguak, Datu Abdullah Sangki, Matanog, Mamasapano, Buldon, Datu",Natural,Hydrological,Flood,Flash flood,,Landslide / Mudslide,,Philippines,PHL,2009-7-4,2009-8-10 ,22,0,505102,0,505102,28720824.52
2009-267,2009,,Valencia city (Bukidnon),Natural,Hydrological,Flood,Flash flood,,,,Philippines,PHL,2009-7-17,2009-7-17 ,0,0,920,0,920,0
2009-265,2009,Tropical Storm \'Isang\' (Molave),"Dingras, Nueva Era, Paoay, Batac, Adams, Pinili, Piddig, San Nicolas, Banna, Marcos, Solsona, Sarrat, Pasuqion (Ilocos Norte municipality, Region I); Naic, Kawit, Noveleta, Bacoor, Cavite city (Cabite municipality), San Mateo, Rodriguez (Rizal municipalit",Natural,Meteorological,Storm,Tropical cyclone,,,,Philippines,PHL,2009-7-18,2009-7-18 ,5,1,248057,0,248058,0
2009-239,2009,Topical Storm \'Feria\' (Nangka),"Metro Manila (NCR), Pampanga (Region III), Batangas, Cavite, Quezon (Region IV-A), Romblon, Oriental Mindoro, Occidental Mindoro, Marinduque (Region IV-B), Albay, Camarines Sur, Masbate (Region V), Antique (Region VI), Cebu (Region VII), Leyte, Biliran, W",Natural,Meteorological,Storm,Tropical cyclone,,Landslide / Mudslide,Surge,Philippines,PHL,2009-7-23,2009-7-26 ,16,5,110400,0,110405,5355132.83
2009-195,2009,,"Brgys Manayahay, Pugaan, Tambacan, Umbado Laya, Pala-o, Tipanoy, Tubod barangays (Iligan city, Lanao del Norte)",Natural,Hydrological,Flood,General flood,,,,Philippines,PHL,2009-5-18,2009-5-18 ,0,0,715,0,715,0
2009-194,2009,,"Brhys Bulalo, Salimbao, Calsada, Banigo, Katuli, Lower Limbao, Maluag (Sultan Kudarat, Maguindanao)",Natural,Hydrological,Flood,Flash flood,,,,Philippines,PHL,2009-5-18,2009-5-18 ,0,0,34325,0,34325,0
2009-193,2009,,"Brgy Damatog (North Kabuntalan, Maguindanao)",Natural,Meteorological,Storm,Local storm,Tornado,,,Philippines,PHL,2009-5-15,2009-5-15 ,0,0,0,100,100,6254.53
2009-192,2009,,"Magapispis, Sitio Boringot, Brgy Napnapan, Sitio Gumayan, Brgy Kingking (Pantukan, Compostela Valley province)",Natural,Hydrological,Mass movement wet,Landslide,,,,Philippines,PHL,2009-5-18,2009-5-18 ,10,16,0,0,16,0
2009-174,2009,Typhhon \'Dante\' (Kujira),"Albay, Camarines Norte, Camarines Sur, Catanduanes, Sorsogon, Masbate provinces",Natural,Meteorological,Storm,Tropical cyclone,,Flood,Landslide / Mudslide,Philippines,PHL,2009-4-29,2009-5-5 ,29,8,383457,0,383465,32285909.45
2009-165,2009,Typhoon  \'Emong\' (Chanom),"Aringay, Agoo, Bacnotan, Bagulin, Bauang, Burgos, Caba, Naguillian Pugo, Rosario, San Gabriel, San Juan, Sto Thomas, Tubao, San Fernando city (La Union province); Anda, Agno, Bani, Bolinao, Dasol, Infanta, Lingayan, Mabini, Sta Barbara, Sual, Alaminos cit",Natural,Meteorological,Storm,Tropical cyclone,,Landslide / Mudslide,Flood,Philippines,PHL,2009-5-7,2009-5-10 ,77,53,400954,0,401007,37955019.93
2009-27,2009,,"Poblacion, Mago-ong, Samburon baranguays (Linamon, Labao del Norte province)",Natural,Hydrological,Flood,Flash flood,,,,Philippines,PHL,2009-1-8,2009-1-8 ,0,0,1345,0,1345,0
2009-26,2009,,"Malibago, Gumamela, Anahaw, Bagacay, Santa Cruz baranguays (Labo, Camarines Norte)",Natural,Hydrological,Flood,General flood,,,,Philippines,PHL,2009-1-9,2009-1-9 ,0,0,1300,0,1300,0
2009-23,2009,,"Aringay (La Union), Brroke\'s Point, Bataraza, Balabac (Palawan), Labo (Camarines Norte), Bagamanoc, Baras, Bato, Caramoran, Gigmoto, Pandan, Panganiban, San Andres, San Miguel, Viga, Virac (Catanduanes), Pontevedra, Panitan, Sigma, Dao, Cuartero (Capiz),",Natural,Hydrological,Flood,General flood,,Landslide / Mudslide,,Philippines,PHL,2009-1-2,2009-1-15 ,33,15,537976,0,537991,7948263.02
2010-606,2010,Bulusan,"Casuguran, Juban, Irosin, Magallanes (Sorsogon province)",Natural,Geophysical,Volcano,Volcanic eruption,,,,Philippines,PHL,2010-11-9,2010-11-9 ,0,0,14161,0,14161,0
2010-398,2010,,Zamboanga city,Natural,Hydrological,Flood,Flash flood,,,,Philippines,PHL,2010-8-15,2010-8-15 ,0,0,505,0,505,0
2010-371,2010,,"Sultan Kudarat, Pagalundan, Datu Montawal (Maguindnao); Lambayong (Sultan Kudarat); Kabacan North Cotabato",Natural,Hydrological,Flood,General flood,,,,Philippines,PHL,2010-7-13,2010-7-31 ,0,0,80920,0,80920,0
2010-281,2010,,"Cotaboato city, Sultan Kudarat, Maguindanao",Natural,Hydrological,Flood,General flood,,,,Philippines,PHL,2010-6-1,2010-6-1 ,0,0,200000,0,200000,0
2010-33,2010,,"Naujan, Baco municipalities (Mindoro Oriental)",Natural,Hydrological,Flood,General flood,,,,Philippines,PHL,2010-1-17,2010-1-17 ,1,0,15480,0,15480,0
2010-31,2010,,"Valencia, Cagdianao province (Dinagat Islands)",Natural,Hydrological,Mass movement wet,Landslide,,,,Philippines,PHL,2010-1-1,2010-1-1 ,2,2,925,0,927,88571.66
2010-20,2010,,"Jabonga, Las Nieves, Santiago (Agusan del Norte); Mainit (Surigao Del Norte); Prosperidad, San Francisco (Agusan del Sur); Cagdianao, Loreto (Dinagat Island)",Natural,Hydrological,Flood,Flash flood,,Landslide / Mudslide,,Philippines,PHL,2010-1-14,2010-1-17 ,2,0,40198,0,40198,24981.75
2010-488,2010,,"Polomok, Koronadal city, Banga, Tupi (South Cotabato); Lambayong, Tacurong city (Sultan Kudarat); Marilog city (Davao city); Bukidnon (Kalilangan); Cagayan de Oro city (Misamis Oriental)",Natural,Hydrological,Flood,Flash flood,,Landslide / Mudslide,,Philippines,PHL,2010-9-10,2010-9-17 ,6,9,46704,0,46713,3583745.63
2010-585,2010,,"Isabela, Cagayan, Quirino provinces (Region II); Kalinga province (CAR); Aurora province (Region III)",Natural,Hydrological,Flood,General flood,,Landslide / Mudslide,,Philippines,PHL,2010-11-1,2010-11-10 ,16,0,450673,0,450673,0
2010-232,2010,,Southern Midaneo Isl.,Natural,Hydrological,Flood,General flood,,,,Philippines,PHL,2010-5-28,2010-6-1 ,27,0,40000,0,40000,0
2010-383,2010,Tropical storm Ester (Dianmu),"Sitio Sabitan, Santo Rosario, Malolos city, Bulacan (REgion III); Navostas West, Navotas city (NCR); REgion IV-B",Natural,Meteorological,Storm,Tropical cyclone,,Transport Accidents,,Philippines,PHL,2010-8-9,2010-8-9 ,31,0,1045,0,1045,0
2010-543,2010,Typhoon Megi (Juan),"Aringuay, Bangar (La Union, Ilocos region); Bolinao (Pangasinan); Aparri, Claveria, Gonzaga, Iguig, Lasam, Rizal, Santa Aba, Santa Praxedes, Santa Teresita, Santo NIno, Tiao (Cagayan, Cagayan Valley); Dinapigue, Divilacan, San Mariano, Santa Maria (Isabel",Natural,Meteorological,Storm,Tropical cyclone,,,,Philippines,PHL,2010-10-18,2010-10-18 ,35,42,2008984,0,2009026,313117851.06
2010-659,2010,,"Palawan (Region IV-B); Albay, Sorsogon, Catanduanes (Region V, Bicol); Bohol, Cebu (Region VII, Central Visayas); Eastern Samar, Leyte, Western Samar, Northern Samar, Southern Leyte (Region VIII); Camiguin, Lanao del Norte (Region X, Northern Mindanao); C",Natural,Hydrological,Flood,Flash flood,,Landslide / Mudslide,,Philippines,PHL,2010-12-24,2011-1-25 ,110,13,1972433,0,1972446,53836807.33
2010-308,2010,Typhoon Conson (Basyang),"Manila city, Muntinlupa city, Pateros (NCR); Dingalan (Aurora); Abucay, Bagac, Balanga, Limay, Mariveles, Morong, Orani, Orion, Samal (Battan); Malolos city (Bulacan); Masantol (Pampanga) - Region III; Agoncillo, Balayan, Balete, Calaca, Calatagan, Laurel",Natural,Meteorological,Storm,Tropical cyclone,,Flood,,Philippines,PHL,2010-7-12,2010-7-15 ,146,91,585383,0,585474,9850758.34
2010-391,2010,Dengue,"National Capital, Ilocos, Cagayan Valley, Cordillera Administrative Region, Central Luzon, Calabarzon, Mimaropa, Bicol, Western Visayas, Eastern Visayas, Zamboanga Peninsula, Nordern Mindanao, Davao, Soccsksargen, Autonomos Region of Muslim Mindanao, Cara",Natural,Biological,Epidemic,Viral Infectious Diseases,,,,Philippines,PHL,2010-1-1,2010-11,737,123939,0,0,123939,0
2011-592,2011,,Compostela Valley province,Natural,Hydrological,Flood,Flash flood,,Landslide / Mudslide,,Philippines,PHL,2011-3-31,2011-3-31 ,2,0,871,0,871,0
2011-588,2011,,Zamboanga city,Natural,Hydrological,Flood,Flash flood,,,,Philippines,PHL,2011-7-20,2011-7-20 ,0,0,469,0,469,0
2011-576,2011,Tropical Storm Haima (Egay),,Natural,Meteorological,Storm,Tropical cyclone,,,,Philippines,PHL,2011-6-19,2011-6-24 ,0,0,0,0,0,0
2011-564,2011,Taal volcano,"Talisay, San Nicholas, Balete",Natural,Geophysical,Volcano,Volcanic eruption,,,,Philippines,PHL,2011-3-17,2011-4-18 ,0,0,1315,0,1315,0
2011-563,2011,Cholera,Palawan,Natural,Biological,Epidemic,Bacterial Infectious Diseases,,,,Philippines,PHL,2011-3-1,2011-4-18 ,20,0,563,0,563,0
2011-562,2011,,"EB Magalona, Victorias city",Natural,Hydrological,Flood,Flash flood,,,,Philippines,PHL,2011-5-5,2011-5-5 ,0,0,30858,0,30858,0
2011-555,2011,Typhoon Chedeng (Songda),"Taguig city (NCR); Isabela (Region II - Cagayan valley); Albay, Camarines Norte, Camarines Sur, Catanduanes, Sorsogon (Region V - Bicol region); Zamboanga del Sur (Region IX - Zamboanga Peninsula ); Bukidnon (Region X - Northern Mindanao); Compostela vall",Natural,Meteorological,Storm,Tropical cyclone,,Flood,,Philippines,PHL,2011-5-20,2011-5-29 ,0,0,446907,0,446907,451755.52
2011-545,2011,Dengue,"Cavite, Laguna, Batangas, Rizal, Quezon provinces",Natural,Biological,Epidemic,Viral Infectious Diseases,,,,Philippines,PHL,2011-1-1,2011-8,33,0,6778,0,6778,0
2011-542,2011,,"Casigurab, Dilasag (Aurora, Region III); Isabela, Cagayan (Region II); Region III",Natural,Hydrological,Flood,General flood,,,,Philippines,PHL,2011-12-21,2011-12-21 ,10,0,39520,0,39520,0
2011-540,2011,,"Catanduanes (Region V - Bicol); Aklan, Capiz, Negros Occidental (Region VI - Western Visayas); Cebu (Region VII - Central Visayas); Leyte, Southern Leyte (Region VIII- Eastern Visayas); Bukidnon (Region X - Northern Mindanao); Compostela valley, Davao del",Natural,Hydrological,Flood,General flood,,,,Philippines,PHL,2011-12-25,2011-12-28 ,12,9,171800,0,171809,0
2011-519,2011,Tropical storm Washi (Sendong),"Cagayan de Oro (Mindanao); Negros Oriental, Czbu (Region VII); Zamboanga del Norte (Region IX); Misamis Oriental, Lanao del Norte, Bukidnon (Region X); Compostela Valley (Region XI); Surigao del Sur (Caraga); Lanao del Sur (ARMM)",Natural,Meteorological,Storm,Tropical cyclone,,Flood,Landslide / Mudslide,Philippines,PHL,2011-12-15,2011-12-18 ,1439,6071,1144229,0,1150300,39915901.79
2011-469,2011,,"Carmen, Braulio Dujali (Davao del Norte)",Natural,Hydrological,Flood,Flash flood,,,,Philippines,PHL,2011-11-9,2011-11-14 ,0,0,8610,0,8610,187495310.85
2011-468,2011,,"Cagayan, Isabela (Region II); Aurora (Region III); Capiz (Region VI); Aklan",Natural,Hydrological,Flood,General flood,,Landslide / Mudslide,,Philippines,PHL,2011-11-14,2011-11-17 ,5,13,16178,0,16191,191812.67
2011-445,2011,,"Valencia (Bukidnon, Mindano Isl.)",Natural,Geophysical,Earthquake (seismic activity),Earthquake (ground shaking),,,,Philippines,PHL,2011-11-7,2011-11-7 ,0,3,25,0,28,0
2011-393,2011,Diarrhoea ,"Tinoto, Massim (Sarangani province)",Natural,Biological,Epidemic,Bacterial Infectious Diseases,,,,Philippines,PHL,2011-10-11,2011-10-18 ,3,200,54,0,254,0
2011-384,2011,Tropical Storm Ramon (Banyan),"Oriental Mindoro, Romblon (Region IV-B - Mimaropa); Capiz, Iloilo, Negros Occidental (Region VI - Western Visayas); Cebu (Region VII - Central Visayas); Southern Leyte (Region VIII - Eastern Visayas); Misamis Oriental (Region X - Northern Mindanao); South",Natural,Meteorological,Storm,Tropical cyclone,,,,Philippines,PHL,2011-10-13,2011-10-13 ,11,6,75632,0,75638,0
2011-380,2011,,"Bobuntogan, Jasaan, Misamis Oriental",Natural,Hydrological,Flood,Flash flood,,,,Philippines,PHL,2011-10-7,2011-10-7 ,0,0,185,0,185,0
2011-379,2011,Typhoon Pedring (Nesat),"NCR; Ilocos Norte, Ilocos Sur, Pangasinan (Region I - Ilocos region); Cagayan, Isabela, Nueva Vizcaya, Quirino (Region II - Cagayan Valley); Aurora, Bataan, Bulacan, Nueva Ecija, Pampanga, Tarlac, Zambales (Region III - Central Luzon); Batangas, Cavite, L",Natural,Meteorological,Storm,Tropical cyclone,,,,Philippines,PHL,2011-9-24,2011-9-24 ,103,91,3030755,0,3030846,360747220.89
2011-378,2011,Typhoon Quiel (Nalgae),"Ilocos Sur, La Union, Pangasinan (Region I - ILOCOS Region); Cagayan, Isabela, Nueva Vizcaya, Quirino (Region II - Cagayan Valley); Aurora, Bulacan, Nueva Ecija, Pampanga, Tarlac, Zambales (Region III - Central Luzon); Apayao, Benguet, Ifugao, Kalinga, Mo",Natural,Meteorological,Storm,Tropical cyclone,,Landslide / Mudslide,,Philippines,PHL,2011-10-1,2011-10-1 ,25,12,1113763,0,1113775,2782855.92
2011-367,2011,,Polomolok (Soith Cotabato),Natural,Hydrological,Flood,Flash flood,,,,Philippines,PHL,2011-9-19,2011-9-19 ,0,0,274,0,274,120538.02
2011-341,2011,Typhoon Mina (Nanmadol),"Quezon city (NCR); Pangasinan, Ilocos Norte, Ilocos Sur (Region I); Zambales, Bulacan (Region III); Iloilo (Region IV); Benguet, Abra, Mt Province (CAR); Catanduanes (REhion IV); Zambagua del Sur (Rehion IX)",Natural,Meteorological,Storm,Tropical cyclone,,,,Philippines,PHL,2011-8-27,2011-8-29 ,43,37,403193,0,403230,36111093.13
2011-305,2011,,Subic (Zambales); Mindoro; Zamboanga del Norte,Natural,Hydrological,Mass movement wet,Landslide,,,,Philippines,PHL,2011-8-5,2011-8-5 ,0,0,310,0,310,0
2011-301,2011,,"Jaro, Manduriao, Arevalo districts (Iloilo city)",Natural,Hydrological,Flood,General flood,,,,Philippines,PHL,2011-8-5,2011-8-5 ,0,0,2060,0,2060,0
2011-279,2011,Typhoon \'Kabayan\' (Muifa),"Mandaluyong, Marikina, Quezon, San Juan cities (NCR); Japalit (Pampanga), Paniqui (Tarlac) - Region III; Calatagan, Malvar (Batangas), Antopolo city, Rodriguez, San Mateo (Rizal) - Region IV",Natural,Meteorological,Storm,Tropical cyclone,,Flood,Landslide / Mudslide,Philippines,PHL,2011-8-2,2011-8-2 ,11,5,8418,0,8423,61841.24
2011-272,2011,Topical storm Juaning (Nock-ten),"La Pinas (NCR); Nueva Ecija (Region III); Cavite, Quezon (Region IV-A); Marinduque (Region IV-B); Albay, Catanduanes, Camarines Sur, Camarinas Norte, Sorsogon, Masbate (Region V); Iloilo (Region IV); Siquijor (Region VII); Leyte (Region VIII); Ifugao (CAR",Natural,Meteorological,Storm,Tropical cyclone,,Flood,Landslide / Mudslide,Philippines,PHL,2011-7-26,2011-7-27 ,84,53,1108171,0,1108224,66304293.77
2011-244,2011,,Bukkidnon (Mindanao Isl.),Natural,Hydrological,Mass movement wet,Landslide,,,,Philippines,PHL,2011-7-4,2011-7-4 ,5,5,0,0,5,0
2011-231,2011,Topical storm \'Meari\' (Falcon),"NCR; Pangasinan (REgion I - Ilocos Norte); Bataan, Bulacan, Nueva Ecija, Pampanga, Tarlac, Zambales (Region III - Central Luzon); Batangas, Cavite, Rizal (Region IV-A - Calabarzon); Albay, Camarines Sur (Region V - Bicol Region)",Natural,Meteorological,Storm,Tropical cyclone,,Flood,Landslide / Mudslide,Philippines,PHL,2011-6-21,2011-6-25 ,20,4,1700085,0,1700089,13488728.01
2011-221,2011,,Davao city (Mindanao),Natural,Hydrological,Flood,Flash flood,,,,Philippines,PHL,2011-6-28,2011-6-29 ,31,0,121005,0,121005,263087.32
2011-204,2011,,"Bukidnon, Compostela Valley, Davao sel Sur, North Cotabato, Sultan Kudarat, Maguindanao provinces",Natural,Hydrological,Flood,General flood,,Landslide / Mudslide,,Philippines,PHL,2011-5-31,2011-6-19 ,12,3,944778,0,944781,11179638.9
2011-203,2011,Tropical storm \'Dodong\' (Sarika),"Region IV-A, IV-B, III, NCR",Natural,Meteorological,Storm,Tropical cyclone,,Flood,Landslide / Mudslide,Philippines,PHL,2011-6-9,2011-6-10 ,9,1,1151,0,1152,0
2011-157,2011,Typhoon Bebeng (Aere),"NCR; Bulacan, Zambales (Region III); Albay, Camarines Norte, Camarines Sur, Masbate, Sorsogon (Region V); Cebu (Region VII); Eastern Samar, Leyte, Northern Samar, Western Samar (Region VIII)",Natural,Meteorological,Storm,Tropical cyclone,,Flood,Landslide / Mudslide,Philippines,PHL,2011-5-8,2011-5-11 ,37,11,430081,0,430092,32764328.92
2011-141,2011,,"Panganason-B., Kingking, Pantukan, Compostela Valley province (Mindanao)",Natural,Hydrological,Mass movement wet,Landslide,,,,Philippines,PHL,2011-4-22,2011-4-22 ,24,14,560,0,574,0
2011-101,2011,Bulusan,"Irosin, Julan, Bulan",Natural,Geophysical,Volcano,Volcanic eruption,,,,Philippines,PHL,2011-2-21,2011-2-21 ,0,0,32616,0,32616,0
2011-87,2011,,"Bohol (Central Visayas), Biliran, Esatern samar, Leyte, Northern Samar, Western Samar, Southern Leyte (Eastern Visayas), Lanao del Norte, Misamis Oriental (Northern Mindanao), South Cotabato (Soccsksargen), Surigao del Sur (Caraga)",Natural,Hydrological,Flood,General flood,,Landslide / Mudslide,Winds and Rains,Philippines,PHL,2011-3-14,2011-3-18 ,16,1,241776,0,241777,293483.86
2011-44,2011,,"Jolo, Mindanao",Natural,Hydrological,Flood,General flood,,,,Philippines,PHL,2011-2-1,2011-2-4 ,11,0,2000,0,2000,0
2011-21,2011,,"Southern Leyte (Eastern Visayas, Region VIII); Camiguin, Misamis Occidental, Misamis Oriental (Northern Mindanao, Region X); Compostela Valley (Davao region, Region XI); Agusan del Norte, Agusan del Sur, Dinagat Isl., Surigao del Norte, Surigao del Sur Ma",Natural,Hydrological,Flood,General flood,,Landslide / Mudslide,,Philippines,PHL,2011-1-25,2011-2-7 ,23,164,638254,0,638418,13008672.26
2012-602,2012,,Mindanao,Natural,Hydrological,Flood,General flood,,,,Philippines,PHL,2012-6-12,2012-6-13 ,29,2,0,30927,30929,1002189.09
2012-540,2012,Tropical storm Wukong (Quinta),Mimaropa (Region IV-B); Bicol (Region V); Western Visayas (Region VI); CEntral Visayas (REgion VII); Eastern Visayas (REgion VIII),Natural,Meteorological,Storm,Tropical cyclone,,Flood,Surge,Philippines,PHL,2012-12-25,2012-12-27 ,24,3,241603,0,241606,5538096.92
2012-500,2012,Typhoon Bopha,"Davao Oriental, Compostela Valley",Natural,Meteorological,Storm,Tropical cyclone,,,,Philippines,PHL,2012-12-4,2012-12-4 ,1901,2666,6243998,0,6246664,900318574.05
2012-463,2012,Tropical Storm Marce (Gaemi),"Zambales (Region III), Occidental Mindoro (Region IV-B)",Natural,Meteorological,Storm,Tropical cyclone,,,,Philippines,PHL,2012-10-3,2012-10-3 ,0,0,322,0,322,0
2012-434,2012,Typhoon Karen,"NCR, Region III",Natural,Meteorological,Storm,Tropical cyclone,,,,Philippines,PHL,2012-9-13,2012-9-14 ,1,0,1234,0,1234,0
2012-431,2012,,Guiuan (Eastern Samar),Natural,Geophysical,Earthquake (seismic activity),Earthquake (ground shaking),,,,Philippines,PHL,2012-8-31,2012-8-31 ,1,10,28869,0,28879,3251101.41
2012-406,2012,Typhoon Son Tinh (Ofel),,Natural,Meteorological,Storm,Tropical cyclone,,Landslide / Mudslide,Flood,Philippines,PHL,2012-10-25,2012-10-25 ,36,19,108021,0,108040,1341931.19
2012-396,2012,,,Natural,Hydrological,Flood,General flood,,,,Philippines,PHL,2012-3-27,2012-3-27 ,11,0,0,4835,4835,2004378.18
2012-374,2012,Typhoon Lawin (Jelawat),Muntinlupa city (BRC); Zamboanga del Norte,Natural,Meteorological,Storm,Tropical cyclone,,Flood,,Philippines,PHL,2012-9-21,2012-9-24 ,4,0,7921,0,7921,0
2012-321,2012,,"Valencia, Maramag (Mindanao Island)",Natural,Geophysical,Earthquake (seismic activity),Earthquake (ground shaking),,,,Philippines,PHL,2012-9-4,2012-9-4 ,0,1,4000,0,4001,0
2012-296,2012,Typhoon Igme (Tembin),La Union (Region I),Natural,Meteorological,Storm,Tropical cyclone,,Flood,,Philippines,PHL,2012-8-20,2012-8-21 ,11,1,5606,0,5607,99216.72
2012-294,2012,TYphoon Kai-Tak,,Natural,Meteorological,Storm,Tropical cyclone,,,,Philippines,PHL,2012-8-17,2012-8-17 ,4,0,0,0,0,3006567.27
2012-272,2012,,"Manilla; NCR; Ilocos Sur, La Union, Pangasinan (Region I, Ilocos Region); Bataan, Bulacan, Nueva Ecija, Pampanga, Tarlac, Zambales (Region III, Central Luzon); Batangas, Cavite, Laguna, Rizal (Region IV-A, Calabarzon); Occidental Mindoro, Oriental Mindoro",Natural,Hydrological,Flood,General flood,,,,Philippines,PHL,2012-8-6,2012-8-8 ,112,14,4451711,0,4451725,72488336.93
2012-260,2012,Tropical storm Gener (Saola),"ICR; Locos Sur, Pangasinan (Region I - Ilocos region); Cagayan (REgion II - Cagayan Valley); Bataan, Bulacan, Nueva Ecija, Pampanga, Tarlac (Region III - Central Luzon; Batangas, Cavite, Laguna, Zal Region IV-A - Calabarzon); Occidental Mindoro (Region IV",Natural,Meteorological,Storm,Tropical cyclone,,Flood,,Philippines,PHL,2012-7-31,2012-8-7 ,58,35,949051,0,949086,9842499.06
2012-201,2012,Cholera,"Catanduanes, Camarines Sur, Sorsogon, Albay, Camarines Norte, Masbate provinces (Bicol)",Natural,Biological,Epidemic,Bacterial Infectious Diseases,,,,Philippines,PHL,2012-1,2012-7,30,0,3158,0,3158,0
2012-172,2012,,"Glan (Sarangani province); North Cotabato, Maguindanao, Sultan Kudarat provinces",Natural,Hydrological,Flood,Flash flood,,,,Philippines,PHL,2012-6-9,2012-6-12 ,1,0,700,0,700,0
2012-171,2012,,Kalamansig (Sultan Kudarat),Natural,Hydrological,Flood,Flash flood,,,,Philippines,PHL,2012-6-11,2012-6-11 ,0,0,12300,0,12300,0
2012-78,2012,,Lambayong (Sultan Kudarat); Agusan del Norte province; Suragao del Norte province,Natural,Hydrological,Flood,General flood,,,,Philippines,PHL,2012-2-20,2012-2-27 ,0,0,25000,0,25000,0
2012-42,2012,,"Agusan del Norte, Jabonga (Caraga); Lanao del Norte, kauswagan (Region X); Lanao del Norte, Bacolod (Region X)",Natural,Hydrological,Flood,General flood,,,,Philippines,PHL,2012-2-14,2012-2-16 ,0,0,569,0,569,0
2012-31,2012,,Tayasan (Negros Oriental),Natural,Geophysical,Earthquake (seismic activity),Earthquake (ground shaking),,Landslide / Mudslide,,Philippines,PHL,2012-2-6,2012-2-6 ,113,112,320165,0,320277,8919482.91
2012-9,2012,,"Agusan del Sur, Suragao del Sur (Caraga, Region XIII); Leyte (East Visayas, Region VIII); Region IV-B; Compostela Valley Province Davao del Norte (Region XI); Negros Occidental (W. Visayas, Region VI)",Natural,Hydrological,Flood,General flood,,,,Philippines,PHL,2012-1-17,2012-1-17 ,4,0,88570,0,88570,0
2012-2,2012,,"Napnapan village, Pantukan (Compostela valley)",Natural,Hydrological,Mass movement wet,Landslide,,,,Philippines,PHL,2012-1-5,2012-1-5 ,75,16,7,0,23,0
